pH,Temperature,Fat_Content,SNF,Titratable_Acidity,Protein_Content,Lactose_Content,TPC,SCC,Label,All_Normal
6.79,2.98,4.42,9.02,0.136,3.03,5.11,62105.9,289067.6,High,True
6.79,3.36,3.66,9.15,0.137,3.15,4.87,46034.8,130667.1,High,True
6.63,1.31,3.96,10.51,0.161,3.1,4.86,61279.4,402179.7,Moderate,False
6.79,2.34,4.0,8.33,0.139,3.12,4.98,62949.7,336614.1,High,True
6.68,0.89,4.72,10.35,0.138,3.28,4.52,85017.1,190906.6,High,True
6.79,2.96,3.89,11.07,0.151,3.48,5.09,75995.4,225083.0,High,True
6.79,2.51,3.79,9.72,0.137,3.01,4.8,42513.7,494468.6,Moderate,False
6.75,0.48,3.95,8.82,0.165,3.31,4.73,136124.3,338899.8,Moderate,False
6.79,3.43,4.66,9.42,0.14,3.02,5.0,15534.6,186947.9,High,True
6.78,2.01,4.35,11.69,0.136,3.3,4.88,24290.8,378284.4,High,True
6.74,3.55,4.47,9.71,0.134,2.28,4.65,44568.4,354481.3,Moderate,False
6.69,3.31,4.93,8.28,0.15,3.21,4.66,16387.2,148293.8,High,True
5.73,14.87,0.66,5.02,0.259,2.47,3.85,275873.9,1597469.3,Low,False
6.8,1.76,3.31,9.96,0.155,3.34,4.87,47539.4,230099.4,High,True
6.62,1.6,2.23,12.23,0.149,3.49,4.78,82561.0,323371.1,Moderate,False
6.72,2.77,3.28,10.78,0.139,3.32,4.62,70639.1,166959.4,High,True
5.6,11.55,1.85,6.78,0.253,1.74,4.37,589140.5,772128.7,Low,False
7.6,18.76,1.35,5.4,0.412,2.76,4.19,812894.2,1199075.4,Low,False
6.63,3.61,4.43,8.3,0.134,3.33,4.5,20276.8,228518.8,High,True
6.73,1.05,4.64,9.42,0.143,3.37,4.95,130881.4,269892.9,Moderate,False
6.65,7.03,5.16,10.66,0.166,3.22,4.75,66284.8,274191.1,Moderate,False
6.6,2.65,3.6,12.91,0.168,3.46,4.76,6468.4,372761.1,High,True
6.79,3.86,4.91,9.71,0.145,3.43,4.72,21101.8,231584.5,High,True
7.61,11.55,2.18,5.43,0.261,1.91,3.11,871369.3,633015.9,Low,False
6.71,1.33,4.07,7.15,0.154,3.04,4.5,64650.0,361678.3,Moderate,False
6.72,0.34,4.16,10.94,0.141,3.3,4.52,8548.1,332588.2,High,True
6.63,2.18,4.75,9.32,0.155,3.04,4.54,55478.7,225441.3,High,True
6.75,6.0,4.26,9.85,0.162,3.14,4.81,12453.4,29633.3,Moderate,False
6.61,3.68,2.44,9.44,0.134,3.09,5.15,104773.1,216344.6,Moderate,False
6.6,0.64,2.58,8.45,0.164,3.35,4.83,14294.2,206814.0,Moderate,False
6.31,3.81,4.98,9.54,0.131,3.47,4.85,56240.9,528341.7,Moderate,False
6.82,4.83,4.83,12.31,0.155,3.41,4.96,24635.0,124105.2,Moderate,False
6.74,1.49,3.76,10.71,0.158,3.17,5.16,8722.7,178819.5,High,True
7.48,21.72,2.98,5.65,0.299,2.59,3.15,941143.7,1441422.3,Low,False
6.75,3.07,3.45,12.72,0.15,3.41,4.72,90074.7,167896.6,High,True
6.78,0.55,3.87,12.95,0.168,3.29,4.94,47602.3,131420.1,High,True
6.73,3.06,4.79,12.16,0.134,3.25,4.54,57205.2,187781.6,High,True
7.21,19.7,2.59,7.47,0.448,2.1,2.92,487153.9,1478924.5,Low,False
6.7,1.09,4.38,12.52,0.165,3.12,5.14,61229.4,153082.9,High,True
6.7,7.11,4.62,9.48,0.143,3.22,4.68,43494.2,450012.8,Moderate,False
7.36,16.98,1.59,7.21,0.493,2.28,3.11,186890.7,1515600.5,Low,False
5.68,16.89,2.07,6.78,0.325,2.38,3.61,915984.3,530899.9,Low,False
6.79,3.58,4.14,11.32,0.141,3.09,4.82,38568.5,241789.3,High,True
6.79,3.95,4.61,10.9,0.142,3.41,4.98,20448.6,366152.3,High,True
6.79,2.96,4.45,10.32,0.167,3.43,4.53,178528.6,163056.1,Moderate,False
6.75,1.69,4.87,11.07,0.133,3.02,4.59,6298.8,48636.4,High,True
6.71,3.05,5.03,7.55,0.159,3.38,4.76,27903.1,97917.2,Moderate,False
6.73,2.55,3.95,8.81,0.157,3.26,5.04,54415.5,343829.0,High,True
6.71,3.53,4.04,7.61,0.131,3.38,4.93,140808.8,100926.4,Moderate,False
6.62,2.96,4.32,6.95,0.166,3.15,4.87,125913.6,322659.3,Moderate,False
5.84,17.85,1.35,6.15,0.327,2.32,3.26,743017.4,681675.3,Low,False
6.68,5.22,4.25,13.07,0.154,3.11,5.08,116427.0,152095.3,Moderate,False
6.74,0.35,4.81,11.36,0.133,3.44,5.14,10802.4,125213.5,High,True
6.75,7.46,3.66,10.08,0.149,3.31,4.76,48940.8,509861.8,Moderate,False
6.77,1.55,4.02,8.77,0.159,3.09,4.89,84867.4,53897.6,High,True
6.65,1.5,4.17,10.01,0.156,3.24,4.91,74998.1,231942.1,High,True
6.71,5.04,3.91,12.7,0.154,3.12,4.85,36383.1,374802.9,Moderate,False
6.63,0.91,3.81,9.11,0.166,3.04,4.87,43987.7,393303.9,High,True
6.68,3.88,4.94,12.29,0.14,3.09,4.97,93290.7,231569.9,High,True
6.66,7.76,3.61,9.85,0.147,3.25,4.67,112064.2,252035.6,Moderate,False
6.67,1.93,4.32,10.97,0.138,3.34,4.56,127157.6,21030.1,Moderate,False
6.67,3.73,4.87,13.03,0.135,3.37,5.16,22217.1,45268.6,High,True
6.71,3.4,2.85,12.19,0.138,2.61,4.61,82384.6,272774.9,Moderate,False
6.74,3.62,4.47,10.92,0.148,3.29,4.75,42190.8,222105.8,High,True
6.65,2.26,4.09,9.9,0.159,3.35,4.62,88469.8,208261.0,High,True
6.71,3.99,2.14,11.75,0.161,3.07,4.64,72836.1,544722.8,Moderate,False
6.68,3.23,3.54,9.38,0.159,3.36,4.95,70925.1,226235.3,High,True
6.67,0.89,5.02,11.14,0.146,3.23,5.16,19568.4,242767.3,High,True
6.72,0.27,4.95,12.86,0.153,3.35,5.15,72187.7,77964.8,High,True
6.72,1.81,2.28,12.88,0.167,2.42,4.58,98559.9,338781.3,Moderate,False
6.68,3.03,2.91,12.15,0.154,3.06,4.79,87034.2,370724.9,Moderate,False
6.64,1.92,3.52,9.12,0.15,3.21,5.14,39427.4,240623.6,High,True
6.6,2.72,2.49,13.01,0.136,3.21,4.56,99703.1,210834.1,Moderate,False
6.76,1.53,4.16,11.34,0.145,3.42,4.91,32934.2,291342.5,High,True
6.71,2.03,4.22,12.04,0.134,3.17,4.55,76558.4,123474.7,High,True
5.87,10.65,2.29,6.64,0.189,1.81,2.94,721108.8,502075.8,Low,False
6.76,0.88,4.52,9.43,0.134,3.12,5.01,86291.2,335483.5,High,True
6.73,0.98,3.82,12.69,0.131,3.04,4.65,7520.6,88945.5,High,True
6.68,3.59,2.27,9.94,0.14,3.19,4.91,30466.0,549984.5,Moderate,False
7.2,16.29,2.74,7.2,0.316,1.53,3.01,610389.1,1189495.6,Low,False
6.63,3.37,5.17,10.85,0.137,3.14,4.51,91858.4,64745.4,High,True
6.65,6.23,4.52,12.36,0.138,3.01,4.6,90501.8,446386.0,Moderate,False
6.68,3.13,2.44,10.0,0.168,3.09,4.56,78243.7,45934.9,Moderate,False
6.66,2.35,4.18,11.54,0.167,2.79,4.65,7962.4,119660.3,Moderate,False
7.66,9.81,0.69,6.91,0.339,2.46,3.33,359441.7,1397394.6,Low,False
6.74,7.85,4.4,10.04,0.134,3.46,4.6,95272.5,189482.2,Moderate,False
6.57,3.08,4.66,11.4,0.169,3.45,4.95,70851.6,410355.6,Moderate,False
6.62,2.98,3.63,8.82,0.147,3.4,5.02,10213.8,192954.6,High,True
6.73,2.67,3.96,11.03,0.149,3.44,4.87,46898.1,173704.5,High,True
6.45,2.25,4.54,11.9,0.151,2.25,5.11,44663.1,195538.3,Moderate,False
6.61,0.54,3.32,10.62,0.153,3.14,4.78,13711.4,147820.8,High,True
6.75,0.21,4.16,9.72,0.164,3.36,4.91,31340.2,365928.9,High,True
6.62,1.69,3.49,12.98,0.162,3.13,4.91,98321.4,355995.6,High,True
6.78,5.27,4.7,8.57,0.146,3.42,4.66,83911.0,65728.7,Moderate,False
6.76,1.53,3.36,13.05,0.165,3.46,5.2,21520.0,170572.0,High,True
6.74,0.78,4.84,9.36,0.139,3.27,4.92,107295.9,54765.0,Moderate,False
6.61,3.44,3.32,9.88,0.167,3.37,4.7,29001.7,21931.2,High,True
6.61,2.22,5.13,8.79,0.166,3.5,4.54,88876.1,365211.3,Moderate,True
6.71,1.21,4.96,6.68,0.156,3.43,5.11,72294.5,338065.1,Moderate,False
6.64,3.55,5.12,10.55,0.165,2.2,5.07,26719.4,422688.4,Moderate,False
6.72,3.93,4.48,9.54,0.155,3.27,5.05,15163.2,309190.6,High,True
6.79,1.5,4.48,12.86,0.134,3.47,4.98,11444.5,134366.2,High,True
6.61,2.41,3.92,11.32,0.132,3.44,5.18,118361.2,304867.7,Moderate,False
6.76,1.61,4.85,9.5,0.13,3.08,4.83,94708.8,58833.6,High,True
5.87,11.75,0.71,6.72,0.389,1.88,4.31,278399.2,964215.0,Low,False
7.67,20.92,1.61,5.25,0.283,2.51,3.92,320305.3,1452297.6,Low,False
6.71,1.99,4.31,9.04,0.138,3.05,4.61,93124.5,221534.7,Moderate,True
6.78,2.54,4.8,10.63,0.135,3.06,4.98,45879.1,96199.4,High,True
6.61,2.41,3.77,12.2,0.142,3.23,4.51,11882.5,169147.6,High,True
6.72,1.31,4.61,12.51,0.161,3.02,4.84,14968.4,111977.1,High,True
7.55,11.58,1.37,7.1,0.481,1.6,3.52,900153.5,572409.6,Low,False
6.67,1.42,5.16,9.24,0.158,3.41,4.53,68686.6,251371.0,Moderate,True
7.59,23.9,2.87,6.5,0.431,2.36,3.42,711697.1,1099361.6,Low,False
6.76,7.92,3.33,9.06,0.148,3.36,4.92,66777.9,202126.0,Moderate,False
6.64,3.2,4.53,10.72,0.152,3.36,4.66,99651.7,390421.4,High,True
6.64,2.78,3.39,8.4,0.14,3.23,5.11,156772.4,421744.2,Moderate,False
6.7,2.43,3.31,10.21,0.154,3.3,5.06,67225.9,397010.7,High,True
6.67,1.66,4.16,12.39,0.139,3.39,4.78,62176.3,260365.4,High,True
6.7,1.77,3.38,10.41,0.134,3.2,4.92,60044.4,271796.1,High,True
6.73,1.39,4.03,12.5,0.13,3.29,4.92,42682.7,110070.6,High,True
6.78,1.88,3.9,10.47,0.157,3.07,4.81,60849.0,380461.7,High,True
6.67,1.64,4.43,10.02,0.151,3.39,4.99,47405.0,348402.1,High,True
6.71,0.33,2.63,8.86,0.139,3.03,4.95,26346.6,88404.0,Moderate,False
6.63,3.95,5.13,8.27,0.168,3.32,5.11,48200.3,215926.5,High,True
6.73,0.73,3.31,9.77,0.158,3.1,4.97,97141.6,55682.3,High,True
6.69,3.5,3.6,11.68,0.164,2.28,4.98,52231.6,526383.7,Moderate,False
7.95,14.7,2.13,4.43,0.391,2.9,2.59,980598.1,935736.9,Low,False
6.05,9.85,2.13,7.06,0.476,2.11,4.21,896207.5,835259.2,Low,False
5.76,8.1,1.31,5.47,0.307,2.47,3.24,531389.6,746049.4,Low,False
6.65,0.48,4.43,11.56,0.155,3.23,4.77,87016.7,217251.1,High,True
6.61,1.5,3.99,10.22,0.153,3.27,4.93,77663.9,328934.6,High,True
6.79,0.27,3.63,8.29,0.156,3.45,4.67,99455.8,42901.6,Moderate,True
6.72,2.19,4.56,12.85,0.151,3.29,4.56,73175.4,171964.0,High,True
6.08,19.58,0.95,6.1,0.407,1.65,3.58,368078.4,1558478.1,Low,False
6.76,2.29,3.33,11.38,0.168,3.3,5.07,88999.6,106670.3,High,True
6.72,1.76,4.89,12.71,0.144,3.12,5.05,31106.6,332593.4,High,True
6.73,0.56,4.47,10.49,0.153,3.08,5.02,86965.7,102361.1,High,True
6.6,2.64,4.43,10.96,0.139,3.2,4.92,52192.9,395358.5,High,True
6.74,1.74,4.08,11.8,0.158,3.5,4.59,14890.4,295248.8,High,True
6.65,0.5,3.42,12.68,0.138,2.67,4.66,38724.6,46381.1,Moderate,False
6.73,1.23,4.41,11.62,0.139,3.23,4.63,9972.2,163821.0,High,True
6.8,1.9,3.9,11.12,0.134,3.48,4.94,76709.6,84781.6,High,True
6.68,3.32,3.25,9.74,0.169,3.24,4.77,16383.8,390182.6,High,True
6.75,3.12,3.73,11.57,0.134,3.13,5.05,87145.2,251224.8,High,True
6.63,0.44,3.48,9.38,0.144,3.19,4.74,27710.3,213695.2,High,True
6.66,7.36,4.95,9.05,0.161,3.29,4.9,42149.1,210438.1,Moderate,False
6.78,3.5,4.82,12.16,0.142,3.04,4.78,21484.8,284081.4,High,True
6.8,2.64,4.85,8.91,0.164,3.46,4.84,62594.0,310627.7,High,True
6.7,1.71,3.54,10.07,0.133,3.01,4.59,96495.9,228821.2,High,True
7.38,22.89,1.19,7.41,0.18,1.52,3.64,460078.5,912836.1,Low,False
6.64,4.72,2.86,11.98,0.155,3.15,4.8,21213.2,48359.3,Moderate,False
6.8,3.29,4.45,9.77,0.155,3.26,4.8,17417.5,356909.6,High,True
6.64,1.6,4.06,12.35,0.159,3.38,4.51,44534.6,202910.8,High,True
6.65,3.09,3.52,10.9,0.139,3.01,4.67,97708.0,324584.1,High,True
7.2,18.98,1.75,5.06,0.228,1.68,4.14,356956.3,1209915.9,Low,False
6.72,4.63,4.02,12.98,0.135,2.83,4.96,94569.0,327375.7,Moderate,False
6.73,2.71,5.0,11.4,0.155,3.03,4.86,19266.1,300224.8,High,True
6.74,0.36,3.42,11.8,0.133,3.04,4.51,95867.6,300253.2,High,True
6.66,1.53,4.76,11.52,0.137,3.09,4.57,67728.8,310461.6,High,True
6.6,0.51,5.14,9.71,0.161,3.31,4.77,24540.3,66126.8,High,True
6.75,2.65,4.28,7.41,0.169,3.4,4.7,98097.2,248715.0,Moderate,False
6.63,7.6,2.8,11.21,0.134,3.19,4.89,41922.0,82199.8,Moderate,False
6.76,3.47,4.9,12.8,0.14,3.38,4.82,84989.9,296826.5,High,True
6.73,0.87,4.31,7.35,0.167,3.02,4.62,17514.2,295872.4,Moderate,False
6.67,1.77,4.73,11.93,0.154,3.05,4.61,13906.9,239325.7,High,True
7.24,8.16,1.12,6.91,0.497,1.64,3.26,830060.3,708519.9,Low,False
6.95,2.54,3.62,10.01,0.161,3.28,4.5,77294.1,33418.3,Moderate,False
6.63,1.36,4.96,13.18,0.145,3.22,5.01,89188.6,245356.8,High,True
6.68,2.84,3.26,11.32,0.144,3.4,4.57,60879.2,202769.7,High,True
6.61,2.4,4.34,11.03,0.154,3.34,5.06,30633.0,293639.9,Moderate,True
6.75,6.59,3.66,12.33,0.151,3.19,4.59,74873.0,109625.9,Moderate,False
6.8,3.75,4.5,10.34,0.155,3.39,4.58,43941.0,582112.6,Moderate,False
6.71,3.92,3.57,11.72,0.153,3.29,4.99,93313.6,317381.1,High,True
6.77,1.06,3.98,10.54,0.149,3.22,5.16,72071.8,259844.8,High,True
6.78,3.66,4.77,8.28,0.132,3.11,4.59,42889.4,370596.8,High,True
6.6,1.27,3.34,8.43,0.141,3.14,5.05,97609.3,161058.7,High,True
6.77,1.22,3.55,12.47,0.132,3.31,4.89,37862.4,139772.0,High,True
6.62,1.1,4.68,7.64,0.135,3.44,4.78,83647.5,332350.8,Moderate,False
6.71,1.96,5.15,11.26,0.144,3.06,4.61,26405.1,115367.3,High,True
5.89,11.87,1.51,6.17,0.433,2.27,3.66,342225.0,1428549.0,Low,False
6.63,2.72,3.67,8.73,0.164,3.23,5.02,32605.8,319048.7,High,True
6.67,3.92,4.8,10.71,0.144,3.44,4.88,77050.4,306560.9,High,True
6.63,2.71,3.57,9.51,0.168,3.28,5.03,58008.2,229955.2,High,True
6.67,1.27,4.01,12.2,0.145,3.23,4.78,13873.8,187607.4,High,True
6.64,0.56,3.95,12.0,0.141,3.16,4.95,23604.9,360844.0,High,True
6.69,2.32,3.57,11.29,0.145,3.45,4.62,53169.9,247282.8,High,True
6.67,2.98,4.85,9.8,0.162,3.48,5.1,16176.2,301097.5,High,True
6.8,2.04,3.49,11.84,0.143,3.5,5.19,67332.7,69334.1,High,True
6.62,0.31,3.02,9.29,0.145,3.49,4.74,33166.5,409620.4,Moderate,False
6.67,2.08,4.87,9.91,0.137,3.36,5.08,14560.6,111152.2,High,True
6.67,1.91,4.71,11.47,0.155,3.18,5.09,49772.3,392059.9,High,True
6.4,2.77,3.88,11.65,0.133,3.09,5.1,26582.1,338075.6,Moderate,False
6.64,0.33,3.84,11.48,0.168,3.44,5.04,79902.5,272694.3,High,True
6.78,2.75,4.34,8.8,0.148,3.23,5.11,56931.6,164552.2,High,True
5.58,15.16,0.57,7.86,0.221,2.49,4.35,852133.2,1263233.2,Low,False
6.39,6.14,4.34,11.36,0.151,3.32,4.81,25752.1,65693.9,Moderate,False
6.75,2.48,3.38,12.59,0.165,3.17,4.74,98957.7,257946.9,High,True
6.77,1.28,4.09,9.58,0.162,3.29,4.96,28969.2,103685.6,High,True
6.75,2.2,3.31,12.55,0.133,3.48,4.52,70972.8,51238.7,High,True
5.83,23.17,1.61,6.43,0.382,2.33,3.84,351818.4,1053847.4,Low,False
6.68,2.05,4.52,12.96,0.154,3.37,4.85,65239.9,46954.2,High,True
6.67,2.0,3.34,8.94,0.141,3.49,4.73,50793.9,94517.1,High,True
6.66,0.99,4.26,8.28,0.13,3.11,4.53,101851.0,148767.0,Moderate,False
6.61,1.26,4.84,9.66,0.163,3.27,5.12,59604.1,31273.9,High,True
6.61,1.91,3.02,9.07,0.146,3.36,5.12,68739.6,118105.8,Moderate,False
6.07,8.04,2.29,7.32,0.193,2.72,2.99,715498.3,1376397.5,Low,False
6.62,2.47,2.01,12.71,0.146,3.16,5.02,143609.6,265516.5,Moderate,False
7.89,18.84,2.35,6.12,0.445,2.89,4.06,740650.0,1076391.8,Low,False
6.62,1.72,5.02,12.25,0.139,3.23,5.07,11401.5,167209.2,High,True
5.78,13.21,2.47,5.79,0.435,2.65,4.13,929140.0,962703.4,Low,False
6.72,1.61,4.42,11.74,0.158,3.19,4.62,45900.3,74185.8,High,True
5.74,16.79,1.45,4.03,0.303,2.61,3.63,236070.9,1428796.2,Low,False
6.77,2.4,4.34,8.77,0.137,3.49,4.66,97858.0,222126.8,High,True
6.62,0.99,5.05,10.3,0.146,3.16,4.6,51345.9,69418.2,High,True
6.67,1.62,4.17,10.45,0.17,3.27,4.56,114038.7,77602.0,Moderate,False
6.63,2.3,4.31,12.02,0.163,3.22,4.71,29636.8,93957.1,High,True
6.67,1.23,5.13,11.01,0.144,3.29,4.6,47184.2,257969.0,High,True
6.68,3.98,4.97,11.34,0.153,3.31,4.64,42538.1,34994.6,High,True
6.71,1.07,5.13,12.75,0.159,3.27,5.11,17412.0,320393.7,High,True
6.76,1.25,4.96,12.92,0.136,3.23,5.19,50923.7,348148.1,High,True
6.68,1.29,3.65,12.02,0.145,3.26,4.84,139140.7,530372.2,Moderate,False
6.8,0.43,3.26,11.42,0.142,3.12,4.72,29324.5,31700.2,High,True
7.76,16.11,2.22,6.89,0.402,1.69,3.07,454908.2,1380969.7,Low,False
6.64,3.84,3.27,13.19,0.157,3.41,4.71,6360.0,300390.4,High,True
6.75,0.74,4.72,12.06,0.156,3.38,5.09,63292.4,340920.4,Moderate,True
6.94,1.36,4.32,11.38,0.153,3.35,4.5,94519.7,350198.8,Moderate,False
6.73,6.74,4.93,10.24,0.142,3.08,4.69,7092.6,241637.8,Moderate,False
5.92,20.91,0.97,6.88,0.457,2.14,4.06,621458.7,1193541.7,Low,False
6.69,1.09,3.84,9.69,0.153,3.06,5.14,73462.2,172549.3,High,True
6.78,3.33,4.66,9.59,0.146,3.05,4.63,79386.6,291714.7,High,True
6.78,2.42,4.16,9.93,0.168,2.42,5.15,83537.9,69373.4,Moderate,False
6.78,1.85,5.02,10.12,0.169,2.67,4.98,51912.3,167306.5,Moderate,False
6.65,3.53,3.61,9.63,0.135,3.34,5.16,30552.0,200654.5,High,True
6.52,0.6,4.22,10.16,0.165,3.24,4.58,65270.3,312896.6,Moderate,False
6.74,1.61,4.95,11.87,0.156,3.4,5.03,8414.2,169999.1,High,True
7.76,18.96,1.49,6.85,0.244,2.75,3.05,462618.1,545063.0,Low,False
6.7,1.22,4.88,8.32,0.145,3.17,4.51,16815.0,177184.2,High,True
6.68,2.22,4.41,8.3,0.149,3.48,4.86,69366.5,138508.3,High,True
6.75,2.18,2.28,8.87,0.131,3.39,5.07,16419.7,471069.6,Moderate,False
6.71,2.72,4.32,12.6,0.157,3.27,5.08,110291.6,130634.8,Moderate,False
6.65,1.14,4.19,11.95,0.149,3.03,5.17,94558.8,318372.0,High,True
7.97,21.21,1.01,6.9,0.378,2.75,4.11,417875.0,789385.8,Low,False
5.87,19.46,1.15,5.38,0.474,1.91,3.39,906620.0,1272647.9,Low,False
6.63,0.23,4.48,10.47,0.135,3.48,4.87,27979.9,210229.4,High,True
6.62,1.24,4.82,10.53,0.152,2.3,4.53,20746.2,598193.3,Moderate,False
6.68,2.7,3.46,11.4,0.15,3.2,5.17,54641.3,103264.6,High,True
6.78,0.87,3.67,8.31,0.131,3.41,5.01,38728.9,285358.2,High,True
6.79,3.87,4.02,12.48,0.161,3.15,4.66,48532.3,316912.6,High,True
7.87,8.21,0.52,5.43,0.476,1.82,3.71,338764.5,840270.4,Low,False
6.75,0.56,4.09,7.36,0.149,3.33,4.58,32444.1,171177.9,Moderate,False
6.7,2.61,3.43,8.41,0.132,3.22,4.69,64093.8,397128.1,High,True
6.71,1.78,4.9,12.72,0.165,3.49,4.52,84782.5,305673.4,High,True
6.79,0.76,4.58,9.36,0.147,3.36,4.89,45612.7,144008.6,High,True
6.63,1.83,5.01,12.44,0.146,3.38,5.08,98613.6,226912.2,Moderate,True
6.77,0.99,3.39,8.59,0.168,3.25,4.79,82033.5,337613.9,High,True
6.74,3.13,4.53,9.0,0.165,3.27,4.7,45396.7,34277.0,High,True
6.75,0.2,4.06,10.84,0.132,3.49,4.66,33898.9,135498.2,High,True
6.6,2.97,5.14,9.36,0.157,3.37,5.09,45149.8,135113.7,High,True
6.74,3.3,3.6,10.09,0.166,3.4,5.19,76653.6,169414.2,High,True
6.73,0.5,3.18,11.76,0.137,3.39,4.91,95461.1,36120.5,Moderate,False
6.63,2.33,4.77,11.76,0.137,3.49,4.81,172099.5,88474.4,Moderate,False
6.75,3.47,3.78,12.25,0.138,3.17,4.73,97959.9,481579.9,Moderate,False
6.71,1.39,4.19,10.76,0.145,3.45,4.51,79306.3,67265.5,High,True
6.72,3.4,3.44,11.02,0.15,3.35,4.87,56369.8,550550.6,Moderate,False
6.76,2.3,4.02,8.9,0.165,3.08,4.72,32554.3,351137.3,High,True
6.85,1.15,4.47,11.08,0.163,3.45,4.51,69031.9,39697.6,Moderate,False
6.67,7.94,4.04,8.59,0.161,3.14,4.8,158486.2,146333.3,Moderate,False
6.62,4.9,4.78,11.23,0.17,3.16,5.16,177067.7,24362.7,Moderate,False
6.75,2.88,4.07,9.97,0.146,3.13,4.64,50888.8,122042.8,High,True
6.73,3.88,4.43,8.63,0.133,3.48,4.71,13746.4,247636.9,High,True
6.33,5.11,3.28,13.03,0.14,3.34,4.99,62950.7,138904.8,Moderate,False
6.02,21.13,2.06,5.49,0.196,2.38,3.23,945827.1,1087028.9,Low,False
7.75,11.21,2.18,7.91,0.213,1.51,3.32,228731.7,1318190.5,Low,False
5.8,16.72,1.6,7.99,0.253,2.27,3.77,745737.5,708507.6,Low,False
6.76,0.39,5.03,8.4,0.144,3.01,4.55,88114.9,482233.8,Moderate,False
6.09,16.39,1.21,7.15,0.307,2.22,2.98,989510.7,806475.2,Low,False
6.69,6.0,4.81,9.9,0.165,3.46,5.1,8325.8,493965.9,Moderate,False
6.73,3.76,3.37,12.33,0.142,3.22,4.52,33599.4,210999.9,High,True
6.7,3.72,3.46,12.03,0.146,3.33,4.68,20151.8,80975.8,High,True
6.64,2.72,4.97,12.28,0.157,3.06,4.7,34431.7,114983.6,High,True
6.71,1.56,3.94,12.35,0.162,3.15,5.14,95517.4,144162.2,High,True
6.7,3.78,4.96,8.76,0.146,3.28,4.85,23417.0,346350.4,High,True
6.77,3.46,4.71,10.42,0.154,3.08,4.97,122960.9,283700.8,Moderate,False
6.77,6.32,2.28,9.72,0.152,3.17,4.79,74579.3,355031.7,Moderate,False
6.65,0.42,4.01,9.41,0.139,2.49,4.93,57903.5,511294.1,Moderate,False
6.67,2.28,4.37,8.36,0.168,3.35,4.85,93647.1,186856.3,High,True
7.2,23.23,1.01,6.03,0.314,1.53,4.01,208689.0,1011165.6,Low,False
6.73,5.5,3.74,8.3,0.159,3.27,5.09,83031.9,340463.9,Moderate,False
6.7,3.32,4.04,10.65,0.131,3.2,4.95,6473.3,126735.1,High,True
6.61,2.02,3.6,11.93,0.164,3.27,5.19,47795.5,215079.9,High,True
7.95,13.46,1.05,5.4,0.299,1.6,3.2,544602.7,1289466.3,Low,False
6.74,0.23,3.67,11.53,0.149,3.0,5.06,122607.1,228399.3,Moderate,False
6.7,1.53,4.57,12.0,0.131,3.1,5.0,41728.9,271743.9,High,True
6.68,0.8,3.75,11.25,0.147,3.39,5.1,56456.4,308141.6,High,True
6.68,2.91,4.0,11.16,0.137,3.3,5.1,87520.8,295250.9,High,True
6.71,2.42,3.51,7.61,0.148,3.48,4.8,57187.6,222635.5,Moderate,False
6.65,0.93,4.6,9.33,0.154,3.13,4.96,82419.3,315649.6,High,True
6.64,0.54,4.61,10.07,0.147,3.02,4.68,8199.3,466814.4,Moderate,False
7.49,23.1,1.31,7.6,0.499,2.66,4.11,361657.4,1125906.7,Low,False
6.62,4.0,3.89,11.95,0.162,3.43,5.2,27942.2,35333.3,High,True
6.63,0.29,3.95,12.13,0.153,3.16,4.96,27041.7,25464.9,High,True
6.95,3.1,3.33,12.39,0.155,3.28,4.94,87121.2,243035.9,Moderate,False
6.68,1.07,4.41,12.84,0.167,2.86,4.87,126116.7,398339.8,Moderate,False
6.79,3.36,3.96,12.53,0.134,3.46,4.94,10167.1,264817.6,High,True
5.55,18.81,2.0,4.72,0.406,2.14,3.77,861762.0,670095.8,Low,False
6.76,2.52,4.61,12.4,0.162,3.48,4.88,51407.1,172717.1,High,True
6.71,1.25,5.05,11.14,0.154,3.18,4.54,8015.7,180867.4,High,True
6.72,3.55,4.97,11.51,0.138,3.43,5.12,23682.1,300221.9,High,True
6.76,3.99,3.31,12.69,0.155,3.49,4.83,85501.9,43709.7,High,True
6.61,3.91,4.84,12.47,0.168,3.04,4.77,11748.3,100101.4,High,True
6.69,1.22,3.45,9.08,0.136,3.49,5.03,96937.3,187101.4,High,True
6.76,1.44,3.83,9.4,0.135,3.13,4.75,69029.4,43774.6,High,True
6.76,0.76,3.92,12.53,0.136,3.04,4.84,33729.9,234095.2,High,True
6.63,2.41,4.24,8.96,0.155,3.14,4.84,151518.6,194641.9,Moderate,False
6.67,0.92,3.93,10.96,0.17,3.33,4.64,9271.3,68015.5,High,True
6.75,3.77,3.28,10.84,0.149,2.48,4.89,70268.7,270071.4,Moderate,False
6.69,3.1,3.5,9.22,0.168,3.09,4.9,60034.9,206057.3,High,True
6.65,2.3,3.98,11.53,0.136,3.29,4.63,170319.1,103109.7,Moderate,False
6.72,2.32,3.97,12.14,0.14,3.47,5.13,37060.6,303044.3,Moderate,True
6.64,5.43,4.95,9.49,0.141,3.0,5.11,80296.5,258385.0,Moderate,False
6.64,1.32,3.71,12.95,0.168,3.3,5.15,156057.6,244180.2,Moderate,False
6.7,1.83,4.41,13.2,0.161,3.2,5.08,21217.3,31576.2,High,True
6.67,2.14,4.45,12.76,0.15,3.25,4.54,8316.6,229440.8,High,True
6.77,0.81,3.3,10.47,0.139,3.02,5.01,15601.3,251161.4,High,True
6.63,1.64,4.81,10.19,0.16,3.06,5.04,27508.7,277409.4,High,True
6.79,1.67,2.36,8.34,0.163,3.26,5.04,27270.4,151131.8,Moderate,False
6.73,2.47,4.52,9.2,0.142,3.31,4.92,53101.4,153157.0,High,True
7.51,20.17,2.27,6.49,0.497,1.94,3.15,217098.5,975933.9,Low,False
6.67,3.37,5.07,9.17,0.145,3.46,4.54,13774.3,81860.6,High,True
6.63,4.9,3.17,10.73,0.14,3.24,4.96,76361.8,306469.9,Moderate,False
6.69,5.7,2.23,11.8,0.164,3.18,5.03,33031.9,133565.7,Moderate,False
6.77,0.66,4.68,10.88,0.142,3.25,4.71,61627.8,184860.7,High,True
6.62,2.28,5.01,9.95,0.159,3.33,5.15,82993.2,235310.0,High,True
6.78,5.29,3.89,8.3,0.163,3.4,4.57,169569.8,196313.0,Moderate,False
6.74,6.01,4.93,8.19,0.165,3.39,5.02,58319.3,113572.8,Moderate,False
6.61,0.4,4.6,10.52,0.139,3.31,4.68,59875.0,156499.3,High,True
6.76,2.01,3.93,6.82,0.162,3.16,4.65,93959.9,197343.4,Moderate,False
6.75,3.17,3.79,9.26,0.131,3.34,4.55,120774.8,248639.2,Moderate,False
6.73,3.89,4.35,11.79,0.133,3.21,4.58,63215.6,376623.2,High,True
6.62,1.55,4.32,10.25,0.163,3.41,4.93,155002.8,117027.8,Moderate,False
6.71,1.26,3.67,9.68,0.152,3.01,5.14,19847.0,103633.7,High,True
6.74,0.56,3.87,13.04,0.14,3.16,5.09,9770.4,196553.0,High,True
6.66,1.29,3.43,9.81,0.132,3.39,4.78,47170.9,359565.9,High,True
6.6,3.78,2.71,8.78,0.161,3.25,4.8,28702.8,228039.2,Moderate,False
6.61,1.23,3.26,13.09,0.169,3.2,5.01,37851.6,275015.4,High,True
6.79,1.72,2.25,9.57,0.17,3.01,4.92,67653.1,281457.3,Moderate,False
6.78,1.8,4.22,12.79,0.161,3.07,4.9,47014.0,322940.2,High,True
6.74,7.54,4.82,6.9,0.136,3.17,4.55,27324.5,335457.4,Moderate,False
5.79,15.14,0.52,7.43,0.414,2.83,3.99,416650.5,757618.2,Low,False
6.42,2.35,3.26,8.56,0.151,3.28,5.03,17536.7,215009.6,Moderate,False
6.66,1.19,3.42,8.7,0.138,3.03,4.94,32296.0,126303.5,High,True
6.73,3.51,4.73,11.85,0.149,3.35,4.89,25543.8,99263.6,High,True
6.78,2.28,4.68,9.97,0.146,3.06,4.62,83598.9,242238.7,High,True
6.76,1.14,5.15,9.96,0.143,3.16,4.59,15558.0,266279.9,High,True
7.23,22.01,1.49,4.63,0.416,2.0,3.78,380047.4,570977.2,Low,False
5.61,10.87,1.38,7.05,0.342,2.39,4.37,802804.6,966484.9,Low,False
6.72,2.73,4.23,11.44,0.131,3.21,4.7,17271.6,57827.7,High,True
6.7,6.86,4.17,7.97,0.138,3.33,5.05,80189.0,248938.5,Moderate,False
6.74,2.46,4.43,11.63,0.153,3.21,4.69,78015.2,105983.5,High,True
6.65,2.58,4.71,6.82,0.132,3.07,4.92,85697.4,37098.8,Moderate,False
6.68,6.82,3.2,11.33,0.162,3.42,4.84,78858.3,275681.9,Moderate,False
6.78,2.39,4.35,10.73,0.133,3.04,4.92,37391.1,368561.9,High,True
6.63,2.92,3.82,10.85,0.158,3.45,5.05,69254.3,278260.6,High,True
5.71,9.39,2.81,5.3,0.221,2.12,2.58,731932.3,1491030.2,Low,False
6.63,6.99,4.84,12.83,0.148,3.25,4.72,89955.2,240011.1,Moderate,False
6.65,0.25,4.3,12.46,0.168,3.28,4.86,13080.4,228571.7,High,True
6.72,1.68,3.72,8.72,0.143,3.05,4.62,98796.9,188759.4,High,True
6.77,3.98,4.39,12.27,0.143,3.15,4.78,68888.2,279232.8,High,True
6.63,2.6,3.5,11.11,0.158,3.35,5.03,87921.6,209984.4,High,True
6.72,0.91,2.34,9.66,0.148,3.31,5.09,109807.6,67708.9,Moderate,False
6.73,3.36,5.15,10.6,0.133,3.02,4.71,93591.7,330832.3,Moderate,True
6.72,3.61,4.83,11.14,0.159,3.18,4.95,49287.3,92175.7,High,True
6.71,1.56,5.03,7.03,0.143,3.03,5.04,147610.5,145913.8,Moderate,False
6.71,3.2,3.87,11.12,0.144,3.41,4.83,12288.7,83100.0,High,True
6.7,0.6,3.47,12.91,0.165,3.23,5.19,5017.7,253312.2,High,True
6.69,5.87,4.14,10.3,0.159,3.07,4.64,92682.4,119738.8,Moderate,False
6.75,0.99,3.36,10.98,0.154,3.44,4.9,37820.7,325144.5,High,True
6.62,2.35,5.02,10.21,0.142,3.07,4.61,46113.3,246358.3,High,True
6.79,3.07,4.39,12.35,0.133,3.24,4.94,83722.0,317718.4,High,True
6.79,0.67,4.96,13.06,0.137,3.36,4.53,43515.2,216187.7,High,True
6.79,2.75,4.19,12.26,0.168,3.01,5.19,115154.2,329467.0,Moderate,False
6.6,0.64,3.5,9.19,0.148,3.38,5.13,84360.4,451680.2,Moderate,False
6.76,2.31,4.86,11.38,0.161,3.3,4.79,96004.9,225623.3,High,True
6.64,2.58,2.78,9.16,0.132,3.3,5.03,54723.1,106173.6,Moderate,False
6.63,3.02,3.73,11.21,0.145,3.43,5.17,88938.6,122835.6,High,True
6.69,0.23,3.3,10.99,0.151,3.5,4.64,29519.9,63145.4,High,True
7.84,17.2,2.11,4.18,0.483,2.68,3.06,215609.4,670273.5,Low,False
6.62,2.17,3.73,10.02,0.17,3.34,5.16,18542.9,165213.0,High,True
6.46,0.22,4.56,8.18,0.146,3.24,4.79,7280.5,147441.2,Moderate,False
6.65,0.57,3.6,12.2,0.157,3.27,4.83,92631.3,47639.3,High,True
6.67,3.17,5.19,9.44,0.165,3.42,4.66,42936.6,175675.7,High,True
7.82,21.78,1.18,6.93,0.299,2.23,2.63,304041.7,1552060.6,Low,False
7.51,14.85,1.8,7.99,0.223,2.45,3.25,263058.3,657785.2,Low,False
6.12,14.95,1.39,5.21,0.414,2.48,3.62,947865.1,871836.9,Low,False
6.73,0.96,3.86,9.36,0.133,3.41,4.68,49937.6,36459.8,High,True
6.67,6.24,4.05,9.22,0.151,3.07,4.81,80646.4,366544.6,Moderate,False
6.75,0.29,4.39,12.91,0.137,3.24,4.56,64439.8,229202.0,High,True
6.7,3.61,3.63,8.36,0.164,3.29,5.12,61709.8,327861.2,High,True
6.75,3.67,4.37,9.14,0.141,3.1,4.67,34109.5,230950.8,High,True
6.69,2.54,3.41,8.68,0.137,3.26,4.65,118745.1,172118.9,Moderate,False
5.72,8.34,0.88,7.54,0.327,2.29,3.76,727206.6,1523549.3,Low,False
7.36,18.85,1.3,4.23,0.224,1.5,4.22,170925.3,714590.5,Low,False
6.67,3.66,3.33,10.79,0.157,3.47,4.93,81356.7,51815.5,High,True
6.67,3.57,3.55,9.0,0.143,3.03,4.63,96694.9,182709.9,High,True
6.75,1.59,3.54,9.27,0.143,2.73,4.78,5647.4,373283.6,Moderate,False
7.26,18.91,0.56,7.15,0.469,1.87,4.04,220045.1,1151964.0,Low,False
6.71,3.72,4.95,12.14,0.141,3.46,4.57,86066.3,144700.8,High,True
6.73,1.08,3.72,9.76,0.133,3.09,4.5,47313.9,52017.0,High,True
6.65,5.09,4.95,9.68,0.161,2.24,5.19,61794.8,51147.0,Moderate,False
6.7,3.43,4.0,9.08,0.163,3.27,4.63,159306.3,214223.2,Moderate,False
6.15,22.26,2.18,6.79,0.296,2.73,3.88,245701.9,936711.4,Low,False
5.53,22.66,1.08,6.78,0.381,2.71,2.75,980951.5,1132544.1,Low,False
7.3,14.28,1.39,5.38,0.347,2.12,4.17,579692.7,1048688.8,Low,False
6.8,1.15,3.39,11.53,0.154,3.21,4.8,79581.1,94370.8,High,True
6.73,4.51,4.14,9.52,0.16,3.26,4.72,61624.8,398379.1,Moderate,False
6.71,2.02,4.93,8.77,0.152,3.26,4.7,83111.7,306082.5,High,True
6.82,7.98,3.7,11.74,0.142,3.12,4.55,75682.7,290180.4,Moderate,False
6.72,0.51,4.13,11.91,0.157,3.41,5.11,78452.4,275203.3,High,True
6.71,0.34,4.83,9.84,0.152,3.14,5.05,89217.7,171484.1,High,True
5.69,8.12,1.51,4.94,0.442,1.97,4.07,150508.2,824757.4,Low,False
6.65,0.46,3.61,11.0,0.142,3.21,4.76,88211.0,364013.6,High,True
6.67,0.61,5.11,8.55,0.142,3.15,4.72,20607.3,317601.3,High,True
6.73,0.67,3.39,12.75,0.138,3.41,4.88,12396.4,383070.3,High,True
6.77,0.84,4.92,8.32,0.15,3.38,5.15,91374.2,331457.5,High,True
5.64,22.93,2.88,7.02,0.323,2.33,3.83,315132.5,980865.2,Low,False
6.73,1.76,4.54,8.16,0.146,3.4,4.65,22666.3,381311.1,Moderate,False
6.61,0.88,4.01,12.94,0.136,3.38,4.58,98219.5,165014.3,High,True
6.67,2.59,3.62,8.97,0.168,3.46,5.12,64416.2,442271.0,Moderate,False
6.79,2.55,4.86,11.66,0.152,3.12,4.8,96935.6,456340.4,Moderate,False
6.67,3.33,3.65,10.57,0.162,3.09,4.58,87227.7,150313.3,Moderate,True
6.44,2.96,3.95,8.68,0.138,3.27,4.64,56677.4,108007.6,Moderate,False
6.62,2.37,4.38,11.79,0.14,3.22,4.7,12690.6,353113.3,High,True
6.43,4.8,3.64,12.66,0.135,3.0,4.85,60397.1,240006.8,Moderate,False
6.74,1.19,4.47,12.36,0.138,3.46,4.89,33427.0,183726.1,High,True
6.75,3.23,4.87,13.13,0.162,3.3,4.74,56736.6,35605.9,High,True
6.69,7.12,3.37,10.17,0.153,3.23,4.93,109191.1,271447.5,Moderate,False
6.64,3.88,4.64,12.99,0.147,3.24,5.13,54879.7,288766.0,High,True
6.69,0.67,3.65,8.25,0.132,3.49,4.67,68014.5,338857.9,High,True
6.63,7.45,4.42,11.87,0.161,3.49,4.9,90815.5,266416.5,Moderate,False
6.67,0.93,4.33,11.14,0.138,3.43,4.56,96550.0,278546.1,Moderate,True
6.71,2.61,2.33,9.3,0.132,3.16,4.89,86503.8,273432.4,Moderate,False
6.64,6.66,3.2,12.32,0.134,3.4,5.07,50816.0,41777.9,Moderate,False
6.78,7.05,4.4,9.2,0.157,3.31,4.92,51529.7,220889.5,Moderate,False
6.65,3.14,4.0,7.07,0.164,3.37,5.06,153713.2,46493.4,Moderate,False
6.69,1.48,5.05,8.31,0.152,3.37,4.84,13113.3,389535.3,High,True
6.72,1.1,4.19,10.37,0.133,3.05,5.09,27782.9,94084.1,High,True
6.75,0.44,4.37,8.84,0.131,3.03,5.08,16207.4,37157.5,High,True
6.77,1.2,4.07,8.45,0.148,3.29,4.9,36580.5,139902.6,High,True
6.67,0.58,4.74,13.03,0.169,3.43,4.92,71582.2,128378.2,High,True
6.69,4.72,4.73,9.65,0.143,3.46,4.54,51135.3,366864.3,Moderate,False
6.64,2.16,3.45,11.97,0.166,3.37,4.87,86763.4,284069.0,High,True
6.68,3.43,3.92,8.42,0.16,3.4,4.61,56047.3,92943.1,High,True
6.65,4.64,4.9,10.61,0.157,3.2,4.71,141662.2,78845.9,Moderate,False
6.69,0.76,5.17,9.29,0.135,3.1,5.04,45423.0,234858.1,High,True
6.61,1.89,4.84,12.63,0.133,3.27,5.14,41857.4,335235.0,High,True
6.79,3.06,5.09,11.6,0.145,3.47,4.69,36556.4,286307.2,High,True
6.42,0.98,2.54,11.91,0.133,3.19,4.7,33926.6,393519.8,Moderate,False
5.63,19.11,1.18,6.37,0.337,1.69,2.96,397939.4,1515226.7,Low,False
6.66,1.6,4.54,8.84,0.168,3.43,4.9,69033.6,26331.0,High,True
6.76,0.49,3.8,11.15,0.14,3.47,4.59,80752.5,213020.5,High,True
6.66,2.16,4.92,6.64,0.144,3.27,5.0,149716.6,376773.3,Moderate,False
5.84,8.52,2.32,7.5,0.251,1.72,2.62,849297.5,828747.8,Low,False
6.7,3.39,4.52,11.29,0.137,3.26,5.0,97459.8,96534.4,High,True
6.62,1.63,4.85,8.29,0.148,3.16,4.54,47772.4,116804.5,High,True
6.74,2.18,3.49,13.01,0.155,3.38,4.56,9470.5,27390.3,High,True
6.68,3.76,4.14,9.69,0.152,3.06,4.93,59001.0,320957.4,High,True
5.68,23.2,1.34,6.46,0.477,2.85,3.47,534901.1,792137.6,Low,False
7.62,24.19,2.56,6.84,0.368,2.65,3.25,530419.1,1297601.9,Low,False
6.61,0.48,3.47,12.55,0.149,3.36,4.78,29577.5,151933.0,High,True
6.73,3.76,4.58,7.44,0.154,3.47,5.05,7283.9,343504.0,Moderate,False
6.68,0.84,5.16,12.47,0.15,3.3,4.66,56659.8,284088.7,High,True
6.8,2.52,3.97,12.07,0.137,3.19,4.74,46021.7,317076.3,High,True
6.76,2.39,3.92,12.26,0.14,3.11,4.85,29780.7,23453.1,High,True
6.7,1.89,5.14,11.08,0.165,3.07,4.9,106248.5,287308.5,Moderate,False
6.74,0.67,4.42,10.97,0.151,3.35,5.09,107347.5,505130.3,Moderate,False
6.61,1.67,3.94,9.81,0.15,3.16,4.63,34399.6,390463.6,High,True
6.69,2.39,5.17,9.45,0.157,3.36,4.93,13414.9,277211.5,High,True
6.72,3.01,3.66,12.42,0.131,3.42,4.82,25670.9,70835.7,High,True
7.28,11.74,1.13,7.51,0.209,2.5,3.02,796279.0,1289100.8,Low,False
6.7,0.73,4.94,12.56,0.147,3.22,4.71,73077.6,156291.3,High,True
6.69,0.55,4.71,8.31,0.156,3.09,4.66,65385.0,397318.5,High,True
6.65,0.87,4.94,6.89,0.135,3.43,5.07,98471.1,365702.6,Moderate,False
6.72,6.41,3.55,11.97,0.153,3.14,4.83,36708.8,240139.1,Moderate,False
6.69,7.54,4.13,7.73,0.167,3.06,4.96,10008.4,189544.8,Moderate,False
6.76,3.27,4.75,8.81,0.156,3.42,4.9,66408.7,194178.1,High,True
6.61,2.63,3.41,10.4,0.142,3.27,4.59,70706.1,322104.4,High,True
6.62,0.75,4.96,10.86,0.149,3.05,4.95,87460.0,334710.6,High,True
6.62,0.63,3.35,9.52,0.135,3.13,4.77,130700.0,251942.9,Moderate,False
6.79,3.46,3.58,10.41,0.149,3.39,4.92,67150.9,541096.3,Moderate,False
6.18,19.58,2.7,6.06,0.353,1.86,3.96,789025.4,1138969.6,Low,False
6.62,0.44,4.41,12.33,0.164,3.23,5.05,94953.6,124564.6,High,True
6.79,1.49,5.03,13.11,0.156,3.41,5.02,71455.8,136633.8,High,True
6.67,2.73,3.45,8.31,0.136,3.36,5.18,98391.1,207712.1,High,True
7.55,15.16,2.6,7.51,0.258,2.27,2.87,236596.9,1500455.0,Low,False
6.75,7.82,4.9,10.42,0.144,2.48,4.56,76881.4,241325.3,Moderate,False
6.62,2.2,3.46,9.25,0.17,3.27,4.7,99503.6,387292.4,High,True
6.65,3.39,4.65,11.65,0.166,3.34,4.7,70917.0,136209.1,High,True
6.55,0.49,4.25,9.95,0.143,2.72,4.73,78804.9,46900.7,Moderate,False
6.69,0.33,5.11,9.29,0.162,3.39,4.65,64016.5,38270.0,High,True
6.6,3.7,5.15,9.35,0.138,3.38,4.68,90032.3,238093.1,High,True
6.77,2.07,5.03,12.84,0.137,3.0,5.19,91083.1,41069.2,High,True
6.69,1.18,4.96,7.68,0.168,3.1,4.93,26193.2,227354.1,Moderate,False
6.64,1.35,3.43,8.96,0.134,3.21,5.06,18431.4,69521.8,High,True
6.89,6.49,3.58,12.82,0.163,3.18,4.96,56041.2,277307.2,Moderate,False
6.8,7.5,4.6,11.59,0.169,3.49,4.98,28143.4,323451.2,Moderate,False
6.69,5.44,3.67,8.64,0.153,3.05,4.81,94347.2,264222.5,Moderate,False
5.94,13.37,2.48,6.72,0.276,2.14,2.68,913424.5,1527675.8,Low,False
7.26,8.29,2.77,5.08,0.442,2.9,2.9,375395.1,1222403.0,Low,False
7.55,18.71,2.97,5.38,0.2,2.53,3.49,331223.3,1355536.5,Low,False
6.65,0.55,4.03,10.32,0.151,3.35,5.13,18084.7,40652.3,High,True
6.63,2.7,4.67,12.14,0.14,3.15,4.84,11002.4,252233.8,High,True
7.78,9.2,1.4,6.14,0.499,2.16,4.05,517257.2,1371957.6,Low,False
6.78,1.76,4.43,11.37,0.147,3.07,4.57,114526.5,351943.0,Moderate,False
6.72,3.55,5.12,9.2,0.159,3.33,4.74,6814.4,282120.7,High,True
5.94,16.81,0.52,5.69,0.41,2.12,3.89,348066.1,1390719.0,Low,False
6.64,1.1,4.47,12.36,0.147,3.13,5.11,68580.5,260062.1,Moderate,True
7.56,16.26,1.91,7.67,0.436,2.13,3.87,648300.2,1031451.1,Low,False
6.69,1.13,5.03,9.91,0.168,3.27,4.94,56579.3,69164.6,High,True
6.62,2.57,4.12,12.1,0.139,3.08,4.78,93025.6,289960.3,High,True
6.7,0.52,5.17,11.55,0.141,3.29,4.58,96754.5,86418.3,High,True
6.65,7.99,4.76,11.58,0.155,3.45,4.56,160053.6,114349.2,Moderate,False
6.73,7.27,3.65,12.83,0.145,3.05,4.99,33448.5,297479.9,Moderate,False
6.94,7.78,3.85,10.08,0.161,3.41,4.78,94979.5,174455.8,Moderate,False
6.76,0.96,2.5,12.46,0.142,3.48,4.53,19241.4,224280.8,Moderate,False
5.88,8.24,1.92,7.73,0.393,2.65,2.53,610713.0,994710.5,Low,False
6.61,2.8,4.23,12.04,0.149,3.07,4.95,21376.7,351509.9,High,True
6.63,7.07,4.26,8.61,0.155,3.13,5.06,82693.1,392000.0,Moderate,False
7.7,9.52,1.54,7.41,0.454,1.64,2.67,373291.2,1459738.0,Low,False
6.74,0.58,4.47,10.01,0.162,3.12,4.95,27389.8,291190.9,High,True
7.88,8.76,1.22,5.81,0.217,2.13,4.12,644122.9,568401.4,Low,False
6.69,1.57,3.95,10.87,0.153,3.4,4.74,81519.3,148672.3,High,True
6.71,2.43,5.07,11.84,0.167,3.45,4.92,55137.4,231827.6,High,True
7.2,10.87,1.65,5.23,0.191,1.95,3.53,618955.5,879346.0,Low,False
6.79,1.63,3.75,9.46,0.148,3.38,4.64,72383.1,28036.9,High,True
6.76,1.49,4.35,9.26,0.16,3.03,5.1,23828.7,352271.3,High,True
6.74,1.41,5.02,8.88,0.137,3.25,4.56,23618.1,378631.2,High,True
7.93,10.16,2.79,5.97,0.325,1.55,3.88,598857.9,706330.6,Low,False
6.68,3.38,4.94,11.23,0.159,3.06,4.91,68361.7,96270.9,High,True
7.38,9.74,1.53,7.73,0.384,2.62,3.39,457416.2,601408.4,Low,False
7.25,8.47,1.51,7.97,0.236,2.44,2.83,766068.9,1045996.1,Low,False
6.64,3.03,5.19,6.75,0.15,3.46,4.51,85592.6,357723.7,Moderate,False
6.73,0.41,4.88,10.78,0.151,3.28,4.62,23780.6,141150.6,High,True
6.64,5.2,5.14,8.36,0.162,3.39,4.71,17884.5,75338.9,Moderate,False
7.67,12.14,2.61,4.84,0.203,2.48,3.26,932034.0,1208285.7,Low,False
6.79,1.18,3.91,10.24,0.132,3.25,4.59,43092.2,153269.7,High,True
6.82,5.87,3.96,10.1,0.136,3.4,5.0,23086.3,159354.3,Moderate,False
6.78,5.27,3.59,10.12,0.164,3.32,4.96,87348.0,359709.8,Moderate,False
6.42,1.78,3.58,9.18,0.13,3.05,4.89,89727.9,129122.6,Moderate,False
7.99,10.05,2.63,4.63,0.492,2.68,3.45,984208.2,589061.9,Low,False
6.73,1.53,5.06,8.57,0.152,3.3,4.96,29288.3,158535.2,High,True
6.64,5.56,4.35,12.02,0.159,3.1,4.9,87433.7,184204.2,Moderate,False
6.79,2.93,5.19,11.71,0.142,2.51,4.99,118236.3,26731.3,Moderate,False
6.67,2.2,4.83,10.04,0.151,3.34,4.69,31364.7,374697.0,High,True
6.72,2.66,2.85,11.31,0.15,3.27,4.75,12740.0,93468.9,Moderate,False
7.98,17.15,1.77,4.97,0.418,1.74,2.86,541605.3,800633.4,Low,False
6.73,2.67,4.86,10.32,0.133,3.14,5.19,61644.6,289700.1,High,True
6.7,0.34,4.36,12.81,0.169,3.27,4.82,94776.6,275971.7,High,True
6.69,1.11,4.17,10.5,0.153,3.18,4.61,52853.3,335477.1,High,True
6.67,6.92,5.03,9.29,0.132,3.37,5.08,96947.1,358137.8,Moderate,False
6.78,2.98,4.24,13.16,0.141,3.42,4.8,66629.8,596631.4,Moderate,False
6.7,1.45,4.11,12.49,0.157,3.44,4.64,87969.3,42709.7,High,True
5.73,13.09,2.37,4.83,0.246,1.77,2.74,414356.0,1472232.8,Low,False
6.75,3.23,2.89,12.64,0.135,3.17,4.91,14776.0,452689.6,Moderate,False
7.56,18.5,2.16,5.51,0.485,2.72,3.85,756604.3,762689.9,Low,False
6.64,0.75,2.24,11.33,0.147,2.63,4.92,9711.4,55978.8,Moderate,False
6.61,1.52,3.77,11.65,0.168,3.13,5.07,10259.2,224486.0,High,True
6.79,3.11,4.53,12.33,0.156,3.48,5.0,92842.6,216510.1,High,True
6.71,0.68,4.41,10.64,0.155,3.01,4.64,51676.4,381191.4,High,True
6.68,2.92,4.43,9.73,0.146,3.11,5.18,17410.3,161298.0,High,True
6.64,3.17,3.64,8.65,0.149,3.0,4.56,81724.5,313159.9,High,True
6.1,11.51,2.69,4.12,0.209,2.7,3.7,785150.7,714547.8,Low,False
6.75,2.58,4.17,13.0,0.157,3.45,5.01,74869.0,50406.9,High,True
6.77,1.08,3.48,9.86,0.139,3.46,5.11,52469.9,43310.7,High,True
6.72,3.89,2.73,9.92,0.151,3.49,4.99,132183.1,111459.0,Moderate,False
6.75,2.91,3.96,8.51,0.16,3.48,4.67,35734.8,89848.9,High,True
6.63,1.55,4.61,6.6,0.145,3.21,4.89,5557.1,537217.2,Moderate,False
6.79,2.11,4.54,12.77,0.165,3.25,4.81,37270.8,293227.4,High,True
6.65,1.55,3.6,11.69,0.155,3.24,4.77,91360.9,31067.0,High,True
6.78,1.9,2.95,8.01,0.138,3.26,4.83,29547.3,331065.4,Moderate,False
6.61,0.59,4.67,9.24,0.145,3.25,5.01,15757.0,174419.2,High,True
6.71,3.31,3.58,12.25,0.158,3.28,4.99,44141.7,72591.1,High,True
6.7,2.63,3.91,12.74,0.153,3.04,4.81,76853.8,272578.7,Moderate,True
6.65,2.95,3.62,12.67,0.147,3.1,4.81,43830.7,182989.2,High,True
6.7,0.77,3.38,11.86,0.152,3.18,5.07,41865.6,359520.3,Moderate,True
6.55,0.7,3.92,12.25,0.14,2.38,4.59,86580.8,260837.6,Moderate,False
6.74,0.26,3.98,9.99,0.152,3.04,5.05,25689.2,277274.4,High,True
6.71,3.02,4.54,10.01,0.162,3.15,4.9,165126.1,164003.2,Moderate,False
6.65,5.31,3.69,9.93,0.15,3.22,4.65,109119.6,24779.6,Moderate,False
6.34,3.34,4.08,11.2,0.134,3.17,4.56,174377.4,326759.4,Moderate,False
6.65,3.77,3.58,8.81,0.153,3.43,4.83,99483.6,278085.2,High,True
6.8,1.75,3.81,11.01,0.142,3.04,4.5,47710.4,338008.1,High,True
6.8,1.29,2.63,9.04,0.137,3.14,5.05,108724.1,390533.1,Moderate,False
6.61,2.49,4.82,9.03,0.131,3.16,4.91,111593.6,181926.5,Moderate,False
6.77,5.16,4.82,6.76,0.152,3.41,4.71,42855.5,140426.9,Moderate,False
6.72,2.59,3.96,10.9,0.162,3.41,5.17,83305.5,234639.7,High,True
6.62,0.41,4.55,12.25,0.15,3.03,4.87,93896.2,247093.0,High,True
6.76,7.71,4.75,7.39,0.139,3.03,4.86,16821.2,385634.4,Moderate,False
5.61,19.4,1.22,6.34,0.369,2.51,3.92,587284.6,850711.0,Low,False
6.66,2.13,4.03,12.48,0.147,3.19,4.98,107519.0,60753.8,Moderate,False
7.16,22.84,2.54,4.94,0.244,2.5,3.1,410439.0,650565.1,Low,False
6.69,2.98,3.91,9.88,0.141,3.24,4.63,51134.9,287586.7,High,True
6.6,0.49,4.29,12.48,0.13,3.47,4.57,84988.4,203484.8,High,True
6.7,5.2,4.88,11.99,0.149,3.06,4.58,81146.2,221168.4,Moderate,False
6.73,1.2,3.35,9.39,0.162,3.43,4.84,44526.7,391584.4,High,True
6.64,1.31,3.59,10.13,0.166,3.31,4.79,93769.0,38416.4,High,True
6.71,2.54,3.33,10.25,0.156,3.35,4.95,35453.5,55537.6,High,True
6.63,3.8,4.18,9.82,0.161,3.25,4.72,82136.9,349517.8,High,True
6.61,7.61,4.74,8.93,0.139,3.44,4.51,144126.6,200033.9,Moderate,False
6.66,1.63,4.24,9.83,0.169,3.47,5.11,45073.8,282694.7,High,True
6.1,11.38,2.0,4.24,0.312,2.27,3.33,786371.3,1407275.9,Low,False
6.61,0.94,2.99,12.88,0.163,2.44,4.71,45797.6,198868.3,Moderate,False
6.63,3.61,4.04,10.51,0.158,3.41,4.67,67828.3,366231.4,Moderate,True
6.71,0.2,3.72,9.28,0.14,3.4,4.7,23194.5,211620.1,High,True
5.67,23.2,1.07,6.96,0.279,2.7,3.83,491541.4,565458.7,Low,False
6.72,0.21,3.27,12.25,0.14,3.32,4.82,158397.2,382130.6,Moderate,False
6.63,3.74,4.0,11.86,0.131,3.1,4.84,107279.4,220357.0,Moderate,False
6.78,1.93,4.33,10.25,0.148,3.01,4.7,46475.3,260842.9,High,True
6.67,1.67,3.72,12.83,0.151,3.01,4.51,97431.4,104151.3,High,True
6.49,3.7,4.96,11.08,0.13,3.13,4.78,48706.1,133117.9,Moderate,False
6.8,2.03,4.72,10.49,0.132,3.15,4.72,84643.5,268607.4,High,True
6.79,1.42,5.2,13.18,0.138,3.16,4.84,68089.6,220658.0,High,True
6.01,14.94,0.98,6.07,0.471,2.63,2.63,738686.9,1120525.2,Low,False
7.58,17.93,0.71,7.06,0.202,2.17,2.83,789484.9,1500982.2,Low,False
6.71,3.1,3.26,12.79,0.138,3.49,5.02,78553.9,335333.9,Moderate,True
7.78,16.6,0.69,5.22,0.39,1.83,3.03,847398.7,1134438.1,Low,False
6.66,2.98,3.81,11.9,0.133,3.43,4.85,46658.3,252188.9,High,True
6.63,3.07,3.79,7.84,0.163,3.17,5.07,38857.1,58360.1,Moderate,False
6.7,1.09,4.05,12.11,0.161,3.11,5.15,61294.0,164371.2,High,True
6.72,2.33,4.2,10.75,0.137,3.41,4.88,17452.6,311139.7,High,True
7.43,22.87,0.71,7.66,0.274,2.19,3.33,796264.9,950773.3,Low,False
6.13,16.65,0.87,6.45,0.361,2.5,4.28,925416.4,1539604.7,Low,False
6.63,1.35,5.0,13.06,0.164,3.06,5.16,45219.0,23537.9,High,True
6.61,2.27,3.91,10.59,0.155,3.43,4.96,46234.6,331382.6,High,True
5.58,22.03,0.64,5.92,0.351,1.74,3.11,524188.5,1413194.9,Low,False
5.94,8.86,0.61,6.88,0.322,1.86,2.86,719460.5,480449.7,Low,False
6.43,0.93,4.0,10.65,0.144,3.16,5.17,65950.1,458165.0,Moderate,False
6.61,0.73,4.46,7.45,0.15,3.27,4.7,95100.4,340136.4,Moderate,False
6.73,2.43,5.0,11.48,0.144,3.48,5.06,64889.7,131311.6,High,True
6.73,0.47,3.75,11.78,0.149,3.2,4.61,46975.7,312862.9,High,True
6.6,2.74,5.15,11.25,0.135,3.16,5.11,27094.0,250924.4,High,True
6.64,3.29,4.7,11.52,0.139,3.05,4.9,57599.4,91586.3,High,True
6.62,3.97,4.78,12.81,0.138,3.48,4.6,53362.8,335284.4,High,True
6.68,0.69,3.49,11.32,0.157,3.39,4.89,66347.1,25136.6,High,True
6.8,0.49,4.57,9.12,0.159,3.35,4.66,30615.3,268812.9,High,True
6.64,2.98,3.55,12.49,0.151,3.05,4.99,54320.5,133261.9,High,True
6.66,1.2,3.57,10.05,0.14,3.34,4.98,52674.8,315618.9,High,True
6.72,2.55,2.2,12.68,0.131,3.17,5.01,86160.8,89604.4,Moderate,False
7.32,18.64,0.88,5.88,0.341,2.32,3.48,571337.2,852662.3,Low,False
6.62,1.85,3.94,10.8,0.142,3.34,5.1,33392.0,93333.9,High,True
6.72,1.89,3.62,11.48,0.136,3.28,4.87,74751.6,40941.7,High,True
7.29,11.29,1.03,4.09,0.467,1.79,2.93,387661.2,622697.0,Low,False
6.62,0.71,4.51,9.93,0.158,2.52,4.68,66828.7,64184.0,Moderate,False
6.7,0.56,2.46,13.12,0.168,3.16,5.2,85327.4,252164.6,Moderate,False
6.77,2.67,4.45,9.9,0.163,3.02,5.11,53711.2,171335.1,High,True
6.73,0.25,4.95,10.46,0.144,3.07,4.81,52150.7,173385.7,High,True
6.68,3.85,4.42,12.25,0.134,2.48,4.74,175267.3,347223.1,Moderate,False
6.79,1.25,4.8,9.36,0.157,3.13,5.12,58340.4,90654.8,High,True
6.7,3.85,4.75,10.67,0.144,3.27,5.02,79473.2,143351.3,High,True
6.73,5.29,5.07,12.16,0.159,3.14,5.09,45613.0,123451.4,Moderate,False
6.77,2.86,4.79,9.99,0.146,3.2,4.63,10815.6,244548.1,High,True
7.14,12.05,2.85,6.41,0.214,2.3,3.45,877250.6,1074378.6,Low,False
6.74,2.26,3.7,11.09,0.163,3.01,4.94,38210.6,131215.1,High,True
6.67,3.36,3.79,11.88,0.134,3.48,4.94,72138.3,133254.9,High,True
6.64,3.74,4.2,11.37,0.159,3.19,5.0,69219.3,288150.5,High,True
6.68,1.04,4.86,11.26,0.148,3.47,4.53,85766.3,399081.4,High,True
7.44,24.96,1.2,6.67,0.237,2.31,4.22,422154.0,1230684.5,Low,False
6.72,1.48,3.66,9.8,0.137,3.45,4.78,28301.5,190395.0,High,True
6.75,3.89,4.1,12.51,0.153,3.08,4.98,53776.3,267230.5,High,True
5.81,17.81,0.6,6.11,0.464,2.67,4.18,933741.5,597071.2,Low,False
6.71,3.6,5.15,8.48,0.144,3.11,5.03,65818.4,65557.5,High,True
6.74,3.16,3.29,12.66,0.153,3.41,5.07,23036.0,61865.4,High,True
6.63,3.43,2.7,12.42,0.142,2.74,4.97,7987.4,296068.8,Moderate,False
7.57,23.88,1.81,5.17,0.265,2.8,2.83,642687.6,1102188.1,Low,False
6.7,1.23,3.58,7.68,0.159,3.28,5.02,18444.5,355338.7,Moderate,False
6.74,1.51,3.79,13.18,0.16,3.32,4.75,9670.3,31801.6,High,True
6.75,2.24,4.89,8.42,0.145,3.12,4.81,11875.8,291170.7,Moderate,True
6.61,1.75,3.6,8.79,0.153,3.46,4.54,132745.6,288863.5,Moderate,False
6.6,3.28,3.42,11.39,0.167,3.1,4.97,12476.4,249427.0,High,True
6.75,1.34,4.15,11.22,0.137,3.37,4.71,67925.3,80147.6,High,True
6.63,1.82,3.73,8.21,0.14,3.44,5.12,166669.1,253261.5,Moderate,False
6.76,3.39,4.51,9.93,0.149,3.43,4.71,92755.6,107326.4,High,True
6.73,3.05,3.15,12.87,0.155,3.14,4.95,32247.5,131580.3,Moderate,False
6.72,2.29,3.68,10.37,0.156,3.36,4.5,94001.1,82519.6,High,True
6.65,0.34,3.49,13.13,0.143,3.06,4.57,73348.7,344736.1,High,True
6.6,1.05,3.36,8.76,0.147,3.11,4.86,29081.9,377404.2,High,True
5.9,17.2,2.29,6.23,0.454,2.8,2.85,521331.0,919468.0,Low,False
6.63,3.29,3.32,10.86,0.156,3.1,5.13,84662.2,199011.8,High,True
6.65,2.97,3.51,11.62,0.164,3.11,5.11,8165.7,366859.2,High,True
6.73,1.15,4.88,10.79,0.135,3.29,4.79,67837.5,355123.2,High,True
6.66,0.26,4.37,10.24,0.145,3.09,4.8,98522.0,133146.6,High,True
6.46,3.05,3.89,11.27,0.165,3.01,4.81,129415.8,167680.3,Moderate,False
6.68,3.79,4.19,11.08,0.163,3.14,4.55,72239.5,416563.6,Moderate,False
6.78,2.39,3.68,9.58,0.162,3.02,5.19,17383.4,322506.0,High,True
6.7,3.55,4.06,10.91,0.132,3.0,4.67,69655.4,66080.7,High,True
6.68,2.66,4.64,9.13,0.133,3.47,4.68,86067.9,348126.8,High,True
6.49,3.32,4.75,11.2,0.143,2.59,4.59,53426.9,242399.1,Moderate,False
6.63,2.57,4.67,12.86,0.141,3.48,4.54,62286.3,41710.4,High,True
7.7,25.0,1.11,7.05,0.368,1.87,4.37,913213.4,623937.5,Low,False
6.74,2.5,5.07,9.41,0.133,3.13,4.51,8409.8,367646.0,High,True
6.68,0.27,3.78,12.23,0.155,3.38,4.81,34424.3,203467.8,High,True
6.77,1.33,4.54,8.93,0.157,3.46,4.93,58186.3,385224.9,High,True
6.65,4.64,4.63,11.89,0.142,3.17,5.19,14685.5,489663.5,Moderate,False
6.69,6.56,2.56,11.6,0.161,3.24,4.93,48351.0,359754.7,Moderate,False
6.64,5.45,4.76,12.32,0.132,3.31,4.76,80420.1,352277.5,Moderate,False
5.74,15.77,2.86,7.55,0.213,2.54,4.03,380680.0,1008201.6,Low,False
6.69,0.63,4.63,12.76,0.156,3.39,4.75,105711.9,581515.5,Moderate,False
6.79,0.26,4.19,9.9,0.148,3.29,4.8,44410.5,298434.9,High,True
6.77,1.15,4.44,11.15,0.145,2.57,4.72,121577.4,101244.5,Moderate,False
5.66,15.54,1.96,7.9,0.35,2.77,2.66,312394.1,973645.5,Low,False
6.76,3.96,4.01,8.48,0.162,3.3,4.64,52008.7,285159.0,Moderate,True
6.6,6.79,3.9,11.91,0.143,3.41,4.92,80419.9,395949.4,Moderate,False
6.6,0.68,5.07,12.54,0.139,3.39,4.93,97235.9,161970.2,High,True
6.61,1.71,5.13,10.92,0.142,3.06,4.99,66261.3,281197.7,Moderate,True
6.76,1.59,3.72,11.58,0.138,3.45,4.57,72122.2,209828.5,High,True
5.59,24.37,0.82,5.68,0.334,2.03,3.19,194428.4,1247803.3,Low,False
6.64,3.3,4.81,10.66,0.142,3.32,4.7,27420.8,297595.6,High,True
6.62,0.23,3.55,8.59,0.17,3.14,4.6,27894.6,375727.7,High,True
6.67,3.52,4.02,9.91,0.138,3.19,4.72,69343.9,130041.4,High,True
6.61,0.93,4.04,12.89,0.145,2.89,4.68,17068.2,573557.2,Moderate,False
7.43,17.57,1.28,5.18,0.415,2.72,2.87,232975.9,1485531.3,Low,False
6.71,1.57,3.5,11.17,0.151,3.1,4.82,80710.0,244361.9,High,True
6.71,2.87,4.8,11.36,0.136,3.36,4.97,7320.6,176464.1,High,True
6.73,1.02,4.4,12.77,0.162,3.46,5.18,6013.7,256641.7,High,True
6.77,1.16,5.16,11.29,0.162,3.04,4.63,77048.3,28354.9,High,True
6.6,2.7,3.96,11.28,0.158,3.17,4.58,11616.4,298876.4,Moderate,True
6.63,2.51,3.6,9.37,0.131,3.36,5.07,80700.6,68475.9,High,True
5.97,24.48,2.23,4.28,0.241,2.58,4.1,675040.4,1201753.9,Low,False
6.77,3.2,3.76,11.76,0.139,3.02,4.64,21969.7,148344.2,High,True
6.7,2.01,3.78,8.39,0.154,3.2,4.71,87359.4,303762.5,High,True
7.22,13.8,1.86,6.85,0.247,2.44,3.84,624829.0,1492052.0,Low,False
6.64,1.83,3.5,11.05,0.146,3.14,4.62,36857.1,251024.6,High,True
6.63,0.67,3.3,8.31,0.165,2.23,5.01,87838.6,57262.0,Moderate,False
7.28,13.92,2.73,5.88,0.349,2.9,4.1,457504.5,491587.1,Low,False
6.74,6.51,5.14,12.52,0.148,3.03,4.83,102683.7,250929.7,Moderate,False
6.7,0.85,4.54,12.47,0.14,3.25,5.18,36658.0,246117.6,High,True
6.72,0.54,5.12,11.79,0.162,3.35,4.91,47741.7,346181.9,High,True
5.85,22.39,1.39,7.33,0.452,2.09,2.63,151346.9,1066087.6,Low,False
6.8,3.14,4.73,12.98,0.166,3.16,4.62,75859.8,163744.1,High,True
6.73,3.65,4.07,12.13,0.141,3.35,4.5,87793.2,31544.2,High,True
6.61,6.79,4.22,10.33,0.138,3.17,5.01,68579.4,47289.5,Moderate,False
6.64,2.82,4.35,12.5,0.135,3.39,4.97,15926.0,284031.9,High,True
6.79,0.74,4.5,10.14,0.168,3.16,5.17,90641.2,122745.6,High,True
6.8,1.16,4.1,10.82,0.142,2.7,4.65,31784.0,188567.9,Moderate,False
6.7,6.3,3.55,10.19,0.15,3.06,4.79,35067.7,33521.2,Moderate,False
6.64,3.28,3.51,10.57,0.168,3.09,5.18,99457.4,231134.5,High,True
6.66,1.81,3.85,9.64,0.169,3.08,5.01,5039.0,246549.4,High,True
7.27,15.69,2.64,4.19,0.228,2.08,3.42,373981.1,879253.9,Low,False
6.7,3.22,4.54,8.78,0.15,3.35,4.87,42209.2,256327.5,High,True
5.57,21.38,1.85,5.3,0.224,2.74,3.39,896397.9,1136154.4,Low,False
6.76,2.7,2.08,10.79,0.162,3.19,4.77,14090.6,367542.1,Moderate,False
6.8,2.34,3.95,9.68,0.14,3.33,4.79,96714.0,279860.4,High,True
6.88,0.5,4.2,9.81,0.138,2.67,4.81,21597.3,95487.2,Moderate,False
6.63,1.39,3.46,8.34,0.162,3.07,5.04,80766.5,224409.4,High,True
6.63,3.0,4.42,11.49,0.13,3.46,4.55,39846.6,173030.4,High,True
6.7,3.06,4.86,12.6,0.15,3.32,4.56,51363.6,78830.0,High,True
6.67,1.81,4.36,12.72,0.146,3.49,5.03,53590.7,264730.0,High,True
6.77,2.41,5.17,11.4,0.163,3.4,4.74,29663.0,183587.6,High,True
6.65,3.6,4.31,13.09,0.162,3.28,5.16,52963.1,357100.5,High,True
6.68,1.79,4.32,10.99,0.15,3.15,5.15,60915.7,174940.9,High,True
6.92,3.85,4.22,8.8,0.148,3.24,5.13,129797.6,382263.2,Moderate,False
6.73,0.3,3.37,9.34,0.15,3.27,4.52,21184.9,209888.2,High,True
6.63,6.0,2.82,13.19,0.169,3.44,4.78,70224.6,178305.0,Moderate,False
6.6,2.17,4.43,13.02,0.154,3.24,4.9,93150.6,334783.7,High,True
6.65,1.2,4.23,11.93,0.15,3.03,5.01,81567.2,130009.2,High,True
6.69,3.58,4.9,10.85,0.158,3.44,4.85,34758.8,579337.0,Moderate,False
6.72,2.73,3.67,7.18,0.147,3.08,5.06,53473.5,391421.5,Moderate,False
6.62,2.44,4.42,10.32,0.147,3.03,4.86,52950.3,76828.7,High,True
6.62,0.58,4.44,9.22,0.14,3.09,5.17,86188.7,107588.0,High,True
6.64,2.07,3.29,11.57,0.151,3.45,4.62,81390.4,320945.2,High,True
6.68,0.85,3.75,9.55,0.152,3.21,5.16,17005.2,390003.0,High,True
6.75,1.49,3.53,12.5,0.142,3.33,4.9,49816.8,208411.4,High,True
6.62,2.74,5.0,8.54,0.136,3.36,4.81,95783.1,72047.3,Moderate,True
6.7,7.46,3.54,10.98,0.16,3.14,4.65,114626.6,79030.5,Moderate,False
6.74,5.85,3.95,11.11,0.144,3.04,5.19,133424.7,47492.4,Moderate,False
6.97,0.43,4.53,8.29,0.161,3.33,4.72,32782.0,323343.7,Moderate,False
6.62,0.68,3.61,10.78,0.17,3.33,4.54,54930.0,208725.2,High,True
6.78,1.87,5.19,10.33,0.154,3.05,4.82,27682.8,337514.6,High,True
6.83,2.95,4.87,8.09,0.148,3.35,4.95,73053.7,105218.2,Moderate,False
6.76,3.75,5.08,12.78,0.152,3.18,4.51,10786.7,182958.8,High,True
6.64,1.7,3.59,12.45,0.142,3.3,4.85,9928.8,378048.8,High,True
6.67,0.8,3.91,8.35,0.145,3.27,5.11,70300.6,62401.3,High,True
6.69,0.94,3.3,12.23,0.131,3.42,4.6,97594.4,249472.1,High,True
6.62,3.48,4.89,6.9,0.15,3.36,4.5,97132.5,342014.3,Moderate,False
6.72,2.65,3.02,12.67,0.146,3.16,4.82,42056.3,317443.4,Moderate,False
7.35,22.01,0.51,6.26,0.289,1.95,3.73,873761.8,1162298.8,Low,False
5.69,19.13,2.89,7.1,0.437,2.24,2.85,511728.9,1095428.3,Low,False
6.72,1.7,3.77,9.08,0.158,3.32,4.98,40390.1,469480.3,Moderate,False
6.6,2.85,3.98,12.92,0.163,3.29,4.68,89658.9,149346.2,Moderate,True
7.44,23.84,2.78,6.1,0.412,2.11,3.7,439489.5,817298.1,Low,False
6.7,2.4,3.81,10.07,0.133,3.03,4.68,109254.0,59434.4,Moderate,False
6.76,0.63,2.88,8.75,0.165,3.25,5.07,39968.1,67529.7,Moderate,False
6.77,1.93,4.65,8.78,0.164,3.37,4.65,18802.2,140191.1,High,True
5.68,16.33,1.79,5.73,0.497,2.8,3.08,244854.8,1420536.5,Low,False
7.42,11.88,1.05,4.8,0.475,2.69,3.97,483824.8,1044906.4,Low,False
6.65,2.12,3.31,8.9,0.165,3.38,4.8,54129.3,160599.6,High,True
6.76,3.1,4.66,9.26,0.144,3.23,4.73,165401.6,145154.3,Moderate,False
6.61,1.64,2.98,7.5,0.154,3.44,4.58,47853.5,366134.0,Moderate,False
6.74,0.71,3.82,8.97,0.162,3.11,5.0,94613.3,220553.4,High,True
6.69,1.44,4.18,11.23,0.169,3.47,5.1,89467.4,197782.7,High,True
6.78,1.69,5.13,10.31,0.154,3.35,5.17,28238.5,330820.4,Moderate,True
6.76,2.01,2.51,10.03,0.168,3.27,4.92,120716.4,84702.3,Moderate,False
6.71,2.09,3.51,10.71,0.137,3.06,5.15,62470.3,270606.2,High,True
6.78,2.62,4.75,10.07,0.168,3.41,5.1,21358.5,122966.0,High,True
6.65,3.45,3.31,8.63,0.141,3.1,4.66,80804.6,233988.1,High,True
6.69,1.75,3.47,11.6,0.158,3.36,5.01,5005.0,382489.9,High,True
6.78,0.26,5.07,12.26,0.163,3.05,5.02,167684.3,277848.0,Moderate,False
6.78,2.15,4.04,9.05,0.158,3.46,4.76,27950.6,230849.4,High,True
6.6,2.6,3.15,9.82,0.148,3.12,5.05,169945.3,222430.4,Moderate,False
6.78,1.66,4.69,10.61,0.135,3.46,4.82,74776.3,159526.0,High,True
6.62,2.09,4.6,9.91,0.158,3.35,4.99,51789.6,367656.7,High,True
6.69,0.96,3.85,8.46,0.155,3.12,4.71,78227.4,144344.0,High,True
6.63,3.14,3.5,10.5,0.15,3.34,4.94,82018.5,37005.5,High,True
6.66,0.75,3.81,9.78,0.151,3.33,4.77,73349.7,147742.8,High,True
6.71,0.29,3.41,10.32,0.168,3.36,4.56,85400.2,298274.3,High,True
6.46,1.74,3.68,10.78,0.152,3.27,4.9,95127.0,362853.3,Moderate,False
6.7,3.42,4.24,11.95,0.136,3.13,5.01,20649.7,153515.3,High,True
6.67,2.89,3.97,11.0,0.134,3.4,4.76,66610.7,295648.0,High,True
6.78,2.54,4.09,9.15,0.168,3.38,4.65,37082.5,327676.2,High,True
6.75,1.88,4.65,10.16,0.138,2.47,5.18,34507.1,409962.0,Moderate,False
6.72,3.54,3.88,10.21,0.146,3.28,4.66,83110.1,132328.9,High,True
6.7,2.43,3.6,11.89,0.138,2.61,4.88,159135.3,39013.6,Moderate,False
6.64,7.95,4.95,8.62,0.14,3.35,4.79,88249.8,133232.3,Moderate,False
6.72,0.38,4.96,12.27,0.157,3.17,4.55,60103.7,376091.2,Moderate,True
6.6,1.95,4.2,8.36,0.157,3.15,4.89,33587.3,83511.0,High,True
6.65,2.23,3.64,10.77,0.136,3.34,5.03,15487.5,197764.9,High,True
6.72,1.2,4.28,10.81,0.167,3.27,4.91,43157.0,380650.2,High,True
6.66,3.41,4.09,12.35,0.163,3.09,4.99,149643.8,133047.2,Moderate,False
6.63,1.93,4.0,11.79,0.133,3.49,4.51,62125.1,233800.4,High,True
6.63,3.21,4.98,9.65,0.148,3.18,4.55,68954.4,333573.3,High,True
6.8,0.49,4.54,10.47,0.148,3.23,4.68,72978.5,294199.1,High,True
6.77,1.4,4.66,8.85,0.137,3.16,4.92,66323.6,170615.3,High,True
6.67,2.82,4.56,9.04,0.13,3.38,4.57,12823.2,21026.5,High,True
6.7,2.62,3.83,11.77,0.137,3.42,4.9,60469.5,99714.7,High,True
6.69,2.54,3.44,12.96,0.169,3.27,5.17,22047.3,29659.9,High,True
6.72,0.43,5.12,8.95,0.142,3.41,4.65,28082.0,264077.4,High,True
6.64,1.17,4.21,13.03,0.163,3.14,4.75,49128.7,391993.3,High,True
6.67,2.97,5.13,9.02,0.139,3.11,4.51,62391.0,274867.2,High,True
6.61,0.46,3.66,8.15,0.161,3.08,4.53,91567.5,178229.0,Moderate,False
6.73,6.81,4.86,8.78,0.15,3.35,4.91,84114.0,47463.2,Moderate,False
6.6,1.87,2.92,10.67,0.142,3.44,4.61,24612.3,258307.4,Moderate,False
6.65,2.28,3.53,8.91,0.168,3.4,4.63,43623.9,155136.4,High,True
6.7,0.69,4.69,10.21,0.141,2.56,4.85,37596.0,111924.2,Moderate,False
6.65,2.06,3.95,12.35,0.131,2.27,4.61,86623.0,197666.7,Moderate,False
7.72,10.81,2.8,5.69,0.269,2.16,4.24,479007.2,1110157.9,Low,False
6.69,1.09,5.19,6.53,0.164,3.34,4.71,91774.2,124711.5,Moderate,False
6.6,2.04,4.23,9.84,0.135,3.19,4.97,79327.6,221685.2,High,True
6.64,1.29,3.08,7.2,0.139,3.26,4.89,94770.0,94316.8,Moderate,False
6.72,0.65,3.36,10.29,0.153,3.2,4.9,53933.0,280568.7,High,True
6.68,1.81,3.52,10.79,0.153,3.24,4.73,108552.5,402209.7,Moderate,False
6.68,3.38,5.14,10.42,0.146,3.42,4.8,57441.7,107757.8,High,True
6.71,3.27,4.77,9.31,0.159,2.55,4.74,21397.9,21000.2,Moderate,False
6.64,2.66,4.07,8.98,0.149,3.01,5.01,11990.2,259063.2,High,True
6.63,6.14,4.77,9.54,0.137,3.17,4.89,59651.6,521856.3,Moderate,False
6.72,2.81,2.8,9.79,0.156,3.0,4.52,85929.4,481315.1,Moderate,False
7.68,16.36,2.42,4.89,0.266,1.84,4.38,317793.2,1124582.6,Low,False
5.6,20.45,1.39,7.28,0.194,2.56,3.01,555312.1,1401352.6,Low,False
6.64,2.79,4.29,10.8,0.14,3.02,4.79,15123.2,364275.9,High,True
6.69,0.4,3.44,11.51,0.156,3.02,4.5,12487.7,309939.6,High,True
6.61,6.46,4.64,12.55,0.167,3.16,4.6,27508.0,524282.5,Moderate,False
6.38,3.95,4.29,8.81,0.163,3.13,5.04,155127.3,284782.3,Moderate,False
6.64,2.08,4.79,10.6,0.151,3.39,4.96,171642.2,360256.8,Moderate,False
6.63,3.2,3.95,8.84,0.17,3.39,4.79,83218.0,278629.5,High,True
6.76,0.52,4.46,8.28,0.132,3.45,4.87,87852.7,338630.4,Moderate,True
6.52,0.79,2.33,10.83,0.167,3.4,4.99,5477.4,182572.9,Moderate,False
6.72,0.54,3.36,10.09,0.159,3.28,4.8,58746.4,158871.6,High,True
7.71,12.74,0.95,6.21,0.249,1.78,4.38,831485.3,1318070.0,Low,False
6.79,2.38,3.68,12.52,0.16,2.32,4.83,80024.1,373378.0,Moderate,False
6.67,3.65,3.44,11.25,0.148,3.47,4.59,25142.6,31225.9,High,True
6.66,3.51,4.43,11.29,0.151,3.05,4.81,99953.0,337387.1,High,True
7.19,23.27,2.88,5.54,0.432,2.37,2.66,850383.3,1238353.4,Low,False
6.62,3.38,3.4,8.7,0.147,3.07,5.14,49677.0,236277.4,High,True
7.42,10.83,1.37,6.97,0.422,2.43,2.94,649873.3,1119172.4,Low,False
6.71,2.07,4.35,11.79,0.134,3.37,4.6,11329.7,390910.3,High,True
7.5,15.99,1.47,5.57,0.377,1.67,3.6,715362.9,971577.8,Low,False
5.93,12.99,0.58,7.26,0.324,1.96,3.4,845927.3,619567.9,Low,False
6.13,12.25,2.22,6.97,0.238,2.78,3.93,943369.2,835122.0,Low,False
5.76,23.06,2.32,7.71,0.286,2.2,2.53,155913.9,748941.8,Low,False
6.65,0.87,3.31,12.75,0.13,3.37,4.61,91661.8,359262.5,High,True
6.73,0.22,5.17,12.6,0.166,2.9,4.74,81157.2,130776.4,Moderate,False
6.72,1.98,3.48,10.07,0.131,3.32,5.12,89063.0,285826.9,High,True
6.7,0.72,3.91,9.18,0.163,3.46,4.88,74137.6,66156.6,High,True
6.74,1.92,2.34,6.85,0.16,3.45,5.07,99085.6,93025.6,Moderate,False
6.61,3.92,4.4,11.01,0.156,3.25,4.52,63169.6,292146.1,High,True
6.75,1.06,3.68,9.05,0.145,3.42,5.08,41368.3,243865.1,High,True
6.65,0.84,5.15,11.31,0.169,3.17,4.99,26147.3,467992.4,Moderate,False
6.71,1.28,3.3,11.34,0.14,3.33,5.02,92013.1,384086.7,High,True
6.8,2.8,4.5,8.33,0.164,3.07,5.09,6478.4,265466.4,High,True
6.64,0.61,4.11,8.86,0.149,3.31,5.08,69471.7,44775.9,High,True
6.66,3.68,4.94,10.08,0.133,3.45,5.12,86200.9,341131.0,High,True
6.64,2.01,4.21,10.68,0.152,3.13,4.76,46247.7,69826.1,High,True
6.76,3.35,4.05,10.82,0.131,3.34,4.78,47320.4,351995.6,High,True
6.6,1.06,4.18,10.35,0.164,3.27,4.98,49585.7,187069.2,High,True
6.68,2.25,3.74,12.66,0.143,3.07,4.57,6275.2,180685.3,High,True
6.6,2.18,4.58,8.67,0.148,3.37,5.19,68383.1,113039.0,High,True
6.72,1.0,2.71,6.71,0.168,3.36,4.95,74193.5,201676.9,Moderate,False
6.05,10.83,2.26,5.17,0.271,1.83,4.16,887769.8,1186686.9,Low,False
6.73,2.51,4.06,10.13,0.145,3.29,4.95,47915.5,388102.8,High,True
6.67,1.79,3.28,10.06,0.141,3.25,4.74,73987.3,213774.3,High,True
6.75,0.58,4.89,12.86,0.143,3.46,5.06,92631.4,273182.7,High,True
6.78,0.9,3.67,9.59,0.142,3.26,5.0,92989.8,53606.3,High,True
7.15,15.67,1.46,5.73,0.493,1.62,4.25,558201.2,1178591.3,Low,False
6.67,1.84,4.05,7.66,0.167,3.41,4.58,15271.7,182590.4,Moderate,False
6.73,3.56,4.38,10.0,0.163,3.39,4.88,19664.4,115374.9,High,True
6.76,1.26,2.07,8.16,0.159,3.0,4.53,5412.7,265221.4,Moderate,False
6.91,2.02,3.69,7.91,0.138,3.28,4.68,95784.0,30879.9,Moderate,False
6.72,0.54,4.6,7.94,0.161,3.13,4.79,38294.7,403969.6,Moderate,False
7.3,16.86,1.72,6.31,0.401,1.65,4.06,520179.3,561030.3,Low,False
6.68,0.58,2.42,12.61,0.166,3.48,5.11,5203.4,164491.6,Moderate,False
6.62,3.89,4.33,9.16,0.135,3.3,4.94,10037.4,523889.4,Moderate,False
6.65,3.48,4.99,9.21,0.135,3.49,5.11,89857.4,409393.7,Moderate,False
6.09,19.01,1.76,5.97,0.235,1.89,2.8,316316.4,1569734.7,Low,False
6.65,2.44,4.44,9.01,0.162,3.39,4.67,32423.3,376435.4,High,True
6.74,0.51,3.05,11.02,0.137,3.22,4.92,36100.8,375499.9,Moderate,False
6.78,4.0,4.56,13.15,0.156,3.37,4.77,46131.9,74771.6,High,True
6.79,2.57,3.92,8.07,0.141,3.13,4.93,94778.6,540589.0,Moderate,False
6.69,1.16,3.97,6.68,0.151,3.25,4.87,97533.0,304482.9,Moderate,False
6.69,2.57,4.89,11.63,0.138,3.23,5.14,36040.4,209517.5,High,True
6.01,21.08,1.11,4.2,0.452,1.51,4.28,683476.9,840468.2,Low,False
6.6,1.09,3.52,11.28,0.137,3.26,4.91,33314.0,33324.7,High,True
6.61,3.01,3.87,12.19,0.147,3.23,4.86,72738.0,123931.1,High,True
6.71,1.44,4.11,11.45,0.15,3.31,4.88,75280.7,288255.9,High,True
6.74,3.52,4.09,10.29,0.161,3.29,4.55,89750.6,31697.6,High,True
6.39,3.82,3.36,11.2,0.147,3.17,4.56,58452.1,301509.7,Moderate,False
6.11,14.49,1.86,5.87,0.221,2.41,2.64,471465.5,1275232.9,Low,False
6.71,1.47,3.27,9.19,0.168,3.26,5.2,54857.6,226695.8,High,True
6.66,1.16,3.92,10.53,0.138,3.11,4.69,47679.7,268069.1,High,True
7.27,24.84,1.68,6.22,0.35,1.95,2.64,911303.5,1378996.9,Low,False
6.76,2.58,4.05,9.51,0.164,3.35,4.88,62909.0,54605.1,High,True
6.64,0.99,4.54,12.76,0.146,3.1,4.95,87762.8,304361.1,High,True
5.88,23.82,1.99,7.2,0.307,1.8,4.23,943165.5,1037284.2,Low,False
6.62,2.38,3.3,10.21,0.142,3.36,4.54,51429.5,240063.4,High,True
6.68,1.36,4.58,12.45,0.158,2.86,5.0,101445.8,83803.2,Moderate,False
6.78,3.42,5.19,11.61,0.167,3.41,5.09,59068.4,165298.5,High,True
7.58,20.42,2.58,6.86,0.414,2.22,3.85,509283.9,1209667.9,Low,False
6.61,1.77,4.15,9.52,0.159,3.04,4.66,76113.6,186107.2,High,True
6.95,3.81,4.42,8.32,0.144,3.07,5.15,14881.2,286179.6,Moderate,False
6.76,3.54,3.39,8.41,0.16,3.07,4.59,7124.8,38927.0,High,True
6.61,1.6,4.87,9.87,0.159,3.05,4.96,35091.0,304906.1,High,True
6.78,1.12,3.94,12.95,0.153,3.18,5.16,36262.4,56050.9,High,True
5.69,14.33,1.64,4.71,0.383,2.01,4.12,793069.8,1163774.7,Low,False
6.64,3.15,4.2,9.36,0.138,3.08,5.04,26753.8,220124.1,High,True
6.72,3.53,4.94,10.48,0.131,3.21,4.92,57987.7,267507.7,High,True
6.73,0.89,4.71,9.93,0.158,3.02,4.79,71978.3,106210.8,High,True
6.73,2.43,3.0,10.64,0.154,3.24,4.99,46201.2,299093.2,Moderate,False
6.7,1.39,4.19,9.82,0.144,3.33,4.94,27065.2,361043.5,High,True
7.49,21.93,0.83,4.69,0.289,2.07,3.16,799100.0,588585.6,Low,False
6.77,0.45,5.09,13.13,0.134,3.15,4.76,78757.2,246452.2,High,True
6.75,4.87,4.87,11.74,0.153,3.44,4.99,161662.1,183303.2,Moderate,False
6.7,1.5,3.61,8.05,0.169,3.1,4.54,145087.9,228601.7,Moderate,False
6.77,1.99,4.94,9.69,0.135,3.43,4.91,89463.8,376374.3,High,True
6.7,1.62,4.47,12.18,0.141,3.28,5.0,17771.0,329345.4,High,True
6.79,1.49,3.46,10.76,0.133,3.48,4.53,179933.0,596495.6,Moderate,False
6.75,1.14,4.88,10.26,0.168,3.04,4.81,85548.4,342434.6,Moderate,True
6.62,3.45,3.43,7.89,0.144,3.31,4.61,11286.0,102056.5,Moderate,False
6.71,3.21,4.21,9.73,0.136,3.32,5.15,19593.8,312886.4,Moderate,True
7.17,9.02,0.7,6.57,0.329,2.86,3.79,158562.6,1018741.0,Low,False
6.62,3.71,4.82,9.39,0.14,3.02,4.71,60539.1,179920.5,High,True
7.63,8.44,0.55,6.49,0.392,1.94,3.11,438569.8,1241777.6,Low,False
6.79,1.05,5.2,9.1,0.161,3.11,4.56,88118.7,346325.5,High,True
6.74,2.32,4.91,9.81,0.151,3.24,4.75,89688.2,83033.6,High,True
6.72,2.7,3.63,10.18,0.168,3.12,4.97,75314.2,190288.9,High,True
7.51,12.3,2.4,6.24,0.276,2.06,3.81,920182.8,626413.7,Low,False
6.65,6.47,3.39,11.66,0.137,3.3,5.08,76732.7,306118.3,Moderate,False
6.63,2.45,3.86,8.51,0.168,3.32,5.11,69225.3,155653.8,High,True
6.74,3.85,3.74,12.58,0.167,3.34,5.15,42798.5,382146.1,High,True
6.61,4.55,4.19,10.53,0.153,3.07,4.83,83957.1,25883.3,Moderate,False
6.62,0.56,3.77,11.37,0.151,3.03,5.18,89281.0,118505.7,High,True
6.79,1.95,3.86,10.68,0.161,3.08,5.04,76197.4,224952.3,High,True
7.64,18.19,2.84,4.67,0.41,2.56,2.67,882062.0,1390677.7,Low,False
6.62,0.39,3.9,10.77,0.151,3.13,5.14,39985.0,37309.1,High,True
6.71,1.75,3.78,8.9,0.163,3.5,4.73,41254.0,254854.3,High,True
6.68,3.64,4.34,10.48,0.156,3.48,5.06,175798.2,146277.8,Moderate,False
6.6,0.43,5.19,8.61,0.132,3.18,5.18,109229.0,175756.0,Moderate,False
6.73,7.85,3.31,10.4,0.153,3.44,5.15,55236.5,306445.3,Moderate,False
6.73,0.33,4.98,11.43,0.156,3.45,4.86,43999.1,349128.9,High,True
6.79,4.57,4.0,10.46,0.14,3.33,4.76,79679.6,481473.6,Moderate,False
6.67,3.48,4.92,8.36,0.154,3.18,4.79,84043.9,137739.1,High,True
5.63,9.22,1.95,7.61,0.184,2.2,3.17,643282.4,732512.3,Low,False
6.73,1.78,4.46,9.29,0.144,3.28,4.92,40369.9,126420.2,High,True
6.63,1.44,3.64,11.39,0.153,3.19,4.73,27573.3,223474.2,High,True
7.77,10.61,1.02,6.49,0.221,1.87,4.09,428027.8,1026627.4,Low,False
7.45,20.94,2.97,4.03,0.32,1.86,2.73,924788.0,1597717.5,Low,False
6.61,1.25,4.88,9.7,0.132,3.03,4.8,93523.4,128649.8,High,True
6.62,2.08,4.61,9.59,0.142,3.42,4.51,65464.7,169676.2,High,True
6.73,3.37,4.34,8.4,0.148,3.23,4.88,68741.1,27341.0,High,True
6.72,1.5,4.55,9.38,0.143,3.48,4.74,37917.6,246358.6,High,True
6.19,13.58,2.88,4.1,0.301,2.75,3.02,382119.2,818937.0,Low,False
6.69,6.03,5.0,11.59,0.138,3.47,4.69,19240.0,552043.9,Moderate,False
6.65,3.11,3.38,8.98,0.158,3.45,4.94,26117.7,40297.2,High,True
6.61,6.83,3.69,12.73,0.149,3.11,5.1,29133.4,136507.6,Moderate,False
6.69,0.95,4.32,8.82,0.131,3.03,5.17,18517.2,289221.7,High,True
6.62,2.13,4.16,12.96,0.168,3.39,4.92,48221.2,155347.8,High,True
5.92,19.64,0.55,6.83,0.383,1.71,3.96,208095.5,1405566.6,Low,False
6.74,3.71,3.91,10.74,0.149,3.08,4.91,75585.2,368412.4,High,True
5.86,14.17,2.88,7.79,0.226,1.75,4.14,483846.8,484898.9,Low,False
6.72,3.24,3.51,8.8,0.167,3.38,4.91,78072.7,182964.7,High,True
6.67,5.17,4.67,10.33,0.169,3.17,5.15,107267.7,111904.1,Moderate,False
7.88,15.23,2.39,6.42,0.4,1.9,3.41,187736.0,1395636.3,Low,False
7.11,13.3,2.98,5.78,0.383,1.68,3.89,378828.5,982446.8,Low,False
6.18,15.16,2.6,6.36,0.241,2.31,3.46,488845.1,613986.1,Low,False
